user_selected_country,user_selected_city,area_name
Bahrain,Bahrain,A'ali
Bahrain,Bahrain,Abu Saiba
Bahrain,Bahrain,Adhari - Abu-Baham
Bahrain,Bahrain,Adliya
Bahrain,Bahrain,Al Bahair
Bahrain,Bahrain,Al Burhama
Bahrain,Bahrain,Al Dair
Bahrain,Bahrain,Al Dur
Bahrain,Bahrain,Al Eker
Bahrain,Bahrain,Al Hajar
Bahrain,Bahrain,Al Hoora
Bahrain,Bahrain,Al Janabiyah
Bahrain,Bahrain,Al Jasra
Bahrain,Bahrain,Al Lawzi
Bahrain,Bahrain,Al Maqsha
Bahrain,Bahrain,Al Markh
Bahrain,Bahrain,Al Mazrowiah
Bahrain,Bahrain,Al Musalla
Bahrain,Bahrain,Al Qadam
Bahrain,Bahrain,Al Qalah
Bahrain,Bahrain,Al Qurayyah
Bahrain,Bahrain,Al Safriyah
Bahrain,Bahrain,Al Sayh
Bahrain,Bahrain,AlJuffair
Bahrain,Bahrain,Alareen
Bahrain,Bahrain,Alcorniche
Bahrain,Bahrain,Alfateh
Bahrain,Bahrain,Alghurayfah
Bahrain,Bahrain,Alguful
Bahrain,Bahrain,Alhajiyat
Bahrain,Bahrain,Alhunayniyah
Bahrain,Bahrain,Alnaim
Bahrain,Bahrain,Alsalmaniya
Bahrain,Bahrain,Alsuwayfiyah
Bahrain,Bahrain,Amwaj
Bahrain,Bahrain,Arad
Bahrain,Bahrain,Askar
Bahrain,Bahrain,Askar Alba
Bahrain,Bahrain,Awali
Bahrain,Bahrain,Bahrain Bay
Bahrain,Bahrain,Bahrain Financial Harbour
Bahrain,Bahrain,Bani Jamra
Bahrain,Bahrain,Barbar
Bahrain,Bahrain,Bilad Al Qadeem
Bahrain,Bahrain,Bu Ashira
Bahrain,Bahrain,Bu Ghazal
Bahrain,Bahrain,Bu Kowarah
Bahrain,Bahrain,Bu Quwah
Bahrain,Bahrain,Budaiya
Bahrain,Bahrain,Buri
Bahrain,Bahrain,Busaiteen
Bahrain,Bahrain,Daih
Bahrain,Bahrain,Damistan
Bahrain,Bahrain,Dar Kulaib
Bahrain,Bahrain,Dilmunia Island
Bahrain,Bahrain,Diplomatic Area
Bahrain,Bahrain,Diraz
Bahrain,Bahrain,Diyar Al Muharraq
Bahrain,Bahrain,Durrat Al Bahrain
Bahrain,Bahrain,East Riffa
Bahrain,Bahrain,Galaly
Bahrain,Bahrain,Halat Naim
Bahrain,Bahrain,Halat Seltah
Bahrain,Bahrain,Hamala
Bahrain,Bahrain,Hidd
Bahrain,Bahrain,Hidd Industrial Area
Bahrain,Bahrain,Hillat Abdul Saleh
Bahrain,Bahrain,Hoarat A'ali
Bahrain,Bahrain,Isa Town
Bahrain,Bahrain,Jannusan
Bahrain,Bahrain,Jary Al Shaikh
Bahrain,Bahrain,Jaww
Bahrain,Bahrain,Jazaair Beach Bilag Al Jazaair
Bahrain,Bahrain,Jeblat Hebshi
Bahrain,Bahrain,Jid Al Haj
Bahrain,Bahrain,Jid Ali
Bahrain,Bahrain,Jidhafs
Bahrain,Bahrain,Jurdab
Bahrain,Bahrain,Karbabad
Bahrain,Bahrain,Karranah
Bahrain,Bahrain,Karzakkan
Bahrain,Bahrain,Khalifa Town
Bahrain,Bahrain,Khamis
Bahrain,Bahrain,Ma`ameer
Bahrain,Bahrain,Madinat Hamad Hamad Town
Bahrain,Bahrain,Mahooz
Bahrain,Bahrain,Malkiya
Bahrain,Bahrain,Manama Center
Bahrain,Bahrain,Maqabah
Bahrain,Bahrain,Mina Salman
Bahrain,Bahrain,Muharraq
Bahrain,Bahrain,Nabih Saleh
Bahrain,Bahrain,North Sehla
Bahrain,Bahrain,Nuwaidrat
Bahrain,Bahrain,Qudaibiya
Bahrain,Bahrain,Ras Rumman
Bahrain,Bahrain,Reef Island
Bahrain,Bahrain,Riffa Alshamali North Riffa
Bahrain,Bahrain,Riffa Views
Bahrain,Bahrain,Saar
Bahrain,Bahrain,Sadad
Bahrain,Bahrain,Safreh
Bahrain,Bahrain,Sakhir
Bahrain,Bahrain,Sakhir Industial
Bahrain,Bahrain,Sakhir Industial 2
Bahrain,Bahrain,Sakhir Industrial 3
Bahrain,Bahrain,Salihiya
Bahrain,Bahrain,Salmabad
Bahrain,Bahrain,Salman City
Bahrain,Bahrain,Samaheej
Bahrain,Bahrain,Sanabis
Bahrain,Bahrain,Sanad
Bahrain,Bahrain,Sea Front City Center
Bahrain,Bahrain,Seef
Bahrain,Bahrain,Segaya
Bahrain,Bahrain,Shahrakkan
Bahrain,Bahrain,Shakhurah
Bahrain,Bahrain,Sitra Abu Alayash
Bahrain,Bahrain,Sitra Al Hamriyah Sitra Mall
Bahrain,Bahrain,Sitra Al Kharijiya
Bahrain,Bahrain,Sitra Al Qaryah
Bahrain,Bahrain,Sitra Industrial Area
Bahrain,Bahrain,Sitra Mahaza
Bahrain,Bahrain,Sitra Murqoban
Bahrain,Bahrain,Sitra Sufala
Bahrain,Bahrain,Sitra Um Al Baidh
Bahrain,Bahrain,Sitra Wadiyan
Bahrain,Bahrain,South Sehla
Bahrain,Bahrain,Tashan
Bahrain,Bahrain,Tubli
Bahrain,Bahrain,Umm Al Hassam
Bahrain,Bahrain,Wadi AlSail
Bahrain,Bahrain,West Riffa
Bahrain,Bahrain,Zallaq
Bahrain,Bahrain,Zayed Town
Bahrain,Bahrain,Zinj
Egypt,Alexandria,45 Street
Egypt,Alexandria,45 Street - El A'mawra
Egypt,Alexandria,45 Street - El Nabwy El Mohandes
Egypt,Alexandria,45 Street - Izbat El Amrawy
Egypt,Alexandria,Abo Qeer
Egypt,Alexandria,Abo Soliman
Egypt,Alexandria,Abo Yousef
Egypt,Alexandria,Ad Dakhilah
Egypt,Alexandria,Agamy - Bianchi
Egypt,Alexandria,Agamy - Bitash Gharb
Egypt,Alexandria,Agamy - Darwish Pacha
Egypt,Alexandria,Agamy - Dekhila
Egypt,Alexandria,Agamy - Hanuvile
Egypt,Alexandria,Alexandria City Center - Carrefour
Egypt,Alexandria,Alexandria Muharram Beik
Egypt,Alexandria,An Nakhil
Egypt,Alexandria,Asafra
Egypt,Alexandria,Azarita
Egypt,Alexandria,Bahary
Egypt,Alexandria,Bakos
Egypt,Alexandria,Camp Chezar
Egypt,Alexandria,Cleopatra
Egypt,Alexandria,El Ataren
Egypt,Alexandria,El Awayed
Egypt,Alexandria,El Hadara El Gadida
Egypt,Alexandria,El Hadara 
Egypt,Alexandria,El Labban
Egypt,Alexandria,El Mahrosa
Egypt,Alexandria,El Malek Street
Egypt,Alexandria,El Max
Egypt,Alexandria,El Qabbary
Egypt,Alexandria,El Seyof Qebly
Egypt,Alexandria,El Seyouf 
Egypt,Alexandria,Ezbet Elkobanya
Egypt,Alexandria,Ezbet Elmaraghy
Egypt,Alexandria,Ezbet Elmostaamra
Egypt,Alexandria,Ezbet Elprince elbahreya
Egypt,Alexandria,Ezbet Nady elsayd
Egypt,Alexandria,Ezbet Sakina
Egypt,Alexandria,Ezbet Sidi ali mergheb
Egypt,Alexandria,Fleming
Egypt,Alexandria,Fleming - El Souk
Egypt,Alexandria,Fleming - Gianaclis
Egypt,Alexandria,Fleming - Koliyat Tarbya
Egypt,Alexandria,Fleming - Shads
Egypt,Alexandria,Glim
Egypt,Alexandria,Green Plaza
Egypt,Alexandria,IKing Maryut
Egypt,Alexandria,Ibrahimia
Egypt,Alexandria,Kafr Abdo
Egypt,Alexandria,Karmos
Egypt,Alexandria,Kilo 21
Egypt,Alexandria,King Maryout academy
Egypt,Alexandria,Lauran
Egypt,Alexandria,Maamoura
Egypt,Alexandria,Mandara
Egypt,Alexandria,Mandara Qebly
Egypt,Alexandria,Miami
Egypt,Alexandria,Miami - Arab Academy
Egypt,Alexandria,Miami - Cars Club
Egypt,Alexandria,Miami - Central Miami
Egypt,Alexandria,Miami - Khaled Ebn El Waleed
Egypt,Alexandria,Miami - St Mark Church
Egypt,Alexandria,Moharam Bek
Egypt,Alexandria,Moharam Bek - El Rasafa
Egypt,Alexandria,Moharam Bek - Emboroz
Egypt,Alexandria,Moharam Bek - Green
Egypt,Alexandria,Moharam Bek - Pawlino
Egypt,Alexandria,Moharam Bek - Qesm Bab Sharq
Egypt,Alexandria,Moharam Bek Mosque
Egypt,Alexandria,Mokattam - Al Baron Street
Egypt,Alexandria,Montazah
Egypt,Alexandria,Montazah Park
Egypt,Alexandria,Mostafa Kamel
Egypt,Alexandria,Nagaa Abu Bisisa
Egypt,Alexandria,New Miami
Egypt,Alexandria,New Semouha 
Egypt,Alexandria,Qnal El Mahmodeya
Egypt,Alexandria,Raml Station
Egypt,Alexandria,Ras El Teen
Egypt,Alexandria,Roushdy
Egypt,Alexandria,Saba Basha
Egypt,Alexandria,San Stefano
Egypt,Alexandria,Semouha
Egypt,Alexandria,Semouha - Medan El Gama'a
Egypt,Alexandria,Semouha - Modereyt El Amn El Gadeda
Egypt,Alexandria,Semouha - Semouha Sporting Club
Egypt,Alexandria,Semouha - Sidi Gaber Station
Egypt,Alexandria,Semouha - Victor Emanouil
Egypt,Alexandria,Shatby
Egypt,Alexandria,Sidi Besher Bahary
Egypt,Alexandria,Sidi Besher Qebly 
Egypt,Alexandria,Sidi Gaber
Egypt,Alexandria,Sporting
Egypt,Alexandria,Stanly
Egypt,Alexandria,Toson
Egypt,Alexandria,Zawya Abdelkader village
Egypt,Alexandria,Zezinia
Egypt,Alexandria,kolya bahreya
Egypt,Assiut,Al Ibrahimya
Egypt,Assiut,Assiut University
Egypt,Assiut,Azhar Station
Egypt,Assiut,Azhar University
Egypt,Assiut,Banks Square
Egypt,Assiut,Corniche El Nile
Egypt,Assiut,Corniche El Weleideya
Egypt,Assiut,EL Gam3a St
Egypt,Assiut,El Gama'a El Kadima
Egypt,Assiut,El Gomhorya St.
Egypt,Assiut,El Helaly St.
Egypt,Assiut,El Kesaria
Egypt,Assiut,El Mahatta
Egypt,Assiut,El Namies St
Egypt,Assiut,El Rehab City 1
Egypt,Assiut,El Sadat
Egypt,Assiut,El Shader
Egypt,Assiut,El Weleideya
Egypt,Assiut,Fryal
Egypt,Assiut,Gesr El Saliba
Egypt,Assiut,Gharb El Balad
Egypt,Assiut,Kulta
Egypt,Assiut,Madinat El Mo'lemin
Egypt,Assiut,Medan El Magzoub
Egypt,Assiut,Mo'kaf Nazlet Abdellah
Egypt,Assiut,Moderyet El Amn
Egypt,Assiut,Moubarak City
Egypt,Assiut,Msaken Masna' Seed
Egypt,Assiut,Nadi El Gama'a El Gedid
Egypt,Assiut,Nazlit Abdellah Msaken El Kahraba
Egypt,Assiut,Taksem El Hokokeen
Egypt,Assiut,Zamalek - Gezira Club
Egypt,Banha,Abdel Salam Arif
Egypt,Banha,Abu Hashish
Egypt,Banha,Cornishe Road
Egypt,Banha,Downtown - Tahrir
Egypt,Banha,El Amal Hospital
Egypt,Banha,El Mogey
Egypt,Banha,El Sekka El Hadid
Egypt,Banha,El Terraa
Egypt,Banha,Estad Banha
Egypt,Banha,Fagr El Eslam
Egypt,Banha,Kafr El Saraya
Egypt,Banha,Kamal ElDin Hussien
Egypt,Banha,Kolit Al Tegara
Egypt,Banha,Kolit Handsa Banha
Egypt,Banha,Kolit Hoqoq Banha
Egypt,Banha,Kolit Olo'm Banha
Egypt,Banha,Saad Zaghloul
Egypt,Banha,Villas
Egypt,Banha,Wabour El Talg
Egypt,Cairo,10th of Ramadan - 11th District
Egypt,Cairo,10th of Ramadan - 1st District
Egypt,Cairo,10th of Ramadan - 3rd District
Egypt,Cairo,10th of Ramadan - 6th District
Egypt,Cairo,10th of Ramadan - 7th District
Egypt,Cairo,10th of Ramadan - Industrial Area
Egypt,Cairo,15th of May City
Egypt,Cairo,6th of October - 10th District
Egypt,Cairo,6th of October - 11th District
Egypt,Cairo,6th of October - 12th District
Egypt,Cairo,6th of October - 1st District
Egypt,Cairo,6th of October - 2nd District
Egypt,Cairo,6th of October - 3rd District
Egypt,Cairo,6th of October - 4th District
Egypt,Cairo,6th of October - 5th District
Egypt,Cairo,6th of October - 5th Industrial Area
Egypt,Cairo,6th of October - 6th District
Egypt,Cairo,6th of October - 7th District
Egypt,Cairo,6th of October - 8th District
Egypt,Cairo,6th of October - 9th District
Egypt,Cairo,6th of October - Beta Gardens
Egypt,Cairo,6th of October - Cemetery
Egypt,Cairo,6th of October - Chill Out
Egypt,Cairo,6th of October - Dahshur Road
Egypt,Cairo,6th of October - Degla Palms
Egypt,Cairo,6th of October - Dream Land
Egypt,Cairo,6th of October - Educational City
Egypt,Cairo,6th of October - El Ashgar City
Egypt,Cairo,6th of October - El Bashayer
Egypt,Cairo,6th of October - El Fardous
Egypt,Cairo,6th of October - El Hay El Motamyez
Egypt,Cairo,6th of October - El Montzah
Egypt,Cairo,6th of October - El Shamaleyat 2000
Egypt,Cairo,6th of October - El Twaso'at Industria
Egypt,Cairo,6th of October - Eskan El Shabab
Egypt,Cairo,6th of October - Eskan Gama'et El Qahera
Egypt,Cairo,6th of October - Haram City
Egypt,Cairo,6th of October - Hosary and Ahyaa'
Egypt,Cairo,6th of October - Industrial Area
Egypt,Cairo,6th of October - Karma City
Egypt,Cairo,6th of October - Lake Front
Egypt,Cairo,6th of October - Masged El Shorta
Egypt,Cairo,6th of October - Mashroa' El Eskan El Qawmy
Egypt,Cairo,6th of October - Mountain View
Egypt,Cairo,6th of October - Mountain View Park
Egypt,Cairo,6th of October - New Giza
Egypt,Cairo,6th of October - Palm Hills
Egypt,Cairo,6th of October - Porto October
Egypt,Cairo,6th of October - Production City
Egypt,Cairo,6th of October - Protected Area
Egypt,Cairo,6th of October - Teba Gardens
Egypt,Cairo,6th of October - Wahat Road
Egypt,Cairo,6th of October - Wahet El Mohandsen
Egypt,Cairo,6th of October - West Somed
Egypt,Cairo,6th of October - Zewail City
Egypt,Cairo,ARD EL LIWA
Egypt,Cairo,Abbasiya
Egypt,Cairo,Adart kerdasa
Egypt,Cairo,Agouza
Egypt,Cairo,Ain Shams
Egypt,Cairo,Ain Shams - 1000 Maskan
Egypt,Cairo,Ain Shams - Berket El Nasr
Egypt,Cairo,Ain Shams - El Daght El A'ali
Egypt,Cairo,Ain Shams - El Sharqeya
Egypt,Cairo,Ain Shams - El Zahraa w Masaken El Helmya
Egypt,Cairo,Ain Shams - Helmyat El Na'am
Egypt,Cairo,Ain Shams - Helmyat El Zaitoun
Egypt,Cairo,Ain Shams - Kafr Abo Seer
Egypt,Cairo,Ain Shams - Manshyt El Tahrir
Egypt,Cairo,Ain Shams - Taksim Omar Ebn Al Khatab
Egypt,Cairo,Ain Shams - Tlombat Ain Shams
Egypt,Cairo,Al Konisah
Egypt,Cairo,Al Manial
Egypt,Cairo,Al mostkbl city
Egypt,Cairo,AlAbagyia
Egypt,Cairo,AlMaza Airport
Egypt,Cairo,Alkhanka
Egypt,Cairo,Almanyah
Egypt,Cairo,Almazah
Egypt,Cairo,Ard El Golf
Egypt,Cairo,Badr City
Egypt,Cairo,Bulaq EL Daqrur
Egypt,Cairo,Cairo Airport
Egypt,Cairo,Cairo University residences
Egypt,Cairo,Creek town compound
Egypt,Cairo,Dandy Mall
Egypt,Cairo,Dar Masr Koronfel
Egypt,Cairo,Dokki
Egypt,Cairo,Dokki - El Bohous
Egypt,Cairo,Dokki - El Dokki Street
Egypt,Cairo,Dokki - El Galaa Square
Egypt,Cairo,Dokki - El Mesaha
Egypt,Cairo,Dokki - El Morour Area
Egypt,Cairo,Dokki - El Sudan Street
Egypt,Cairo,Dokki - El Thawra Square
Egypt,Cairo,Dokki - Michel Bakhum
Egypt,Cairo,Dokki - Mohy El Din Abou El Ezz
Egypt,Cairo,Dokki - Mosaddak
Egypt,Cairo,Dokki - Moustafa Mahmoud
Egypt,Cairo,Dokki - Nawal Street
Egypt,Cairo,Dokki - Oman Square
Egypt,Cairo,Dokki - Shooting Club
Egypt,Cairo,Dokki - Soliman Abaza
Egypt,Cairo,Dokki - Soliman Gohar Square
Egypt,Cairo,Dokki - Vinni Square
Egypt,Cairo,Dokki - Wezaret El Zera'a
Egypt,Cairo,Downtown - Abdin
Egypt,Cairo,Downtown - Abu El Rish
Egypt,Cairo,Downtown - Ahmed Helmy
Egypt,Cairo,Downtown - Ahmed Maher
Egypt,Cairo,Downtown - Ard Ya'qoub
Egypt,Cairo,Downtown - Bab Ash Shariyah
Egypt,Cairo,Downtown - Boulaq Abu El Ela
Egypt,Cairo,Downtown - El Gomhorya
Egypt,Cairo,Downtown - El Qalaa'
Egypt,Cairo,Downtown - El Sayeda Zeinab
Egypt,Cairo,Downtown - El Wekala
Egypt,Cairo,Downtown - Esa'af
Egypt,Cairo,Downtown - Gamea' El Banat
Egypt,Cairo,Downtown - Khan el-Khalili
Egypt,Cairo,Downtown - Magales El Sha'ab
Egypt,Cairo,Downtown - Magra El Ouyon
Egypt,Cairo,Downtown - Maspiro
Egypt,Cairo,Downtown - Qasr El Ainy
Egypt,Cairo,Downtown - Qasr El Nile
Egypt,Cairo,Downtown - Ramsis
Egypt,Cairo,Downtown - Tahrir
Egypt,Cairo,Downtown - Talaat Harab
Egypt,Cairo,El Daher
Egypt,Cairo,El Katameya
Egypt,Cairo,El Katamya
Egypt,Cairo,El Obour - Ain Shams University
Egypt,Cairo,El Obour - El Eskan El Aa'ely
Egypt,Cairo,El Obour - El Eskan El Qawmy
Egypt,Cairo,El Obour - El Hay 1
Egypt,Cairo,El Obour - El Hay 2
Egypt,Cairo,El Obour - El Hay 3
Egypt,Cairo,El Obour - El Hay 4
Egypt,Cairo,El Obour - El Hay 5
Egypt,Cairo,El Obour - El Hay 6
Egypt,Cairo,El Obour - El Hay 7
Egypt,Cairo,El Obour - El Hay 8
Egypt,Cairo,El Obour - El Hay 9
Egypt,Cairo,El Obour - El Hay El Tarfihy
Egypt,Cairo,El Obour - Eskan El Mostaqbl
Egypt,Cairo,El Obour - Eskan El Shabab
Egypt,Cairo,El Obour - Gamait Ahmed Oraby
Egypt,Cairo,El Obour - Golf Area
Egypt,Cairo,El Obour - Hadayek Ahmed Oraby
Egypt,Cairo,El Obour - Industrial Area A
Egypt,Cairo,El Obour Industrial Area BG
Egypt,Cairo,El Rehab City 1
Egypt,Cairo,El Rehab City 2
Egypt,Cairo,El Sheikh Zayed - Al Ahly Club
Egypt,Cairo,El Sheikh Zayed - Beverly Hills
Egypt,Cairo,El Sheikh Zayed - El Hay 1
Egypt,Cairo,El Sheikh Zayed - El Hay 10
Egypt,Cairo,El Sheikh Zayed - El Hay 11
Egypt,Cairo,El Sheikh Zayed - El Hay 12
Egypt,Cairo,El Sheikh Zayed - El Hay 13
Egypt,Cairo,El Sheikh Zayed - El Hay 14
Egypt,Cairo,El Sheikh Zayed - El Hay 15
Egypt,Cairo,El Sheikh Zayed - El Hay 16
Egypt,Cairo,El Sheikh Zayed - El Hay 16 Al Bostan
Egypt,Cairo,El Sheikh Zayed - El Hay 17
Egypt,Cairo,El Sheikh Zayed - El Hay 2
Egypt,Cairo,El Sheikh Zayed - El Hay 4
Egypt,Cairo,El Sheikh Zayed - El Hay 5
Egypt,Cairo,El Sheikh Zayed - El Hay 6
Egypt,Cairo,El Sheikh Zayed - El Hay 7
Egypt,Cairo,El Sheikh Zayed - El Hay 8
Egypt,Cairo,El Sheikh Zayed - El Hay 9
Egypt,Cairo,El Sheikh Zayed - El Nahda
Egypt,Cairo,El Sheikh Zayed - El Thawra El Khadra
Egypt,Cairo,El Sheikh Zayed - Nile University
Egypt,Cairo,El Sheikh Zayed - Royal City
Egypt,Cairo,El Sheikh Zayed - Zayed 2000
Egypt,Cairo,"El Shorouk - 1st Area	"
Egypt,Cairo,El Shorouk - 1st District Sharq
Egypt,Cairo,El Shorouk - 1st District Villas
Egypt,Cairo,"El Shorouk - 2nd Area	"
Egypt,Cairo,El Shorouk - 2nd District
Egypt,Cairo,El Shorouk - 2nd District Sharq
Egypt,Cairo,"El Shorouk - 3rd Area	"
Egypt,Cairo,El Shorouk - 3rd District
Egypt,Cairo,El Shorouk - 3rd District Sharq
Egypt,Cairo,"El Shorouk - 4th Area	"
Egypt,Cairo,El Shorouk - 4th District
Egypt,Cairo,El Shorouk - 5th Area
Egypt,Cairo,El Shorouk - 5th District
Egypt,Cairo,"El Shorouk - 6th Area	"
Egypt,Cairo,"El Shorouk - 7th Area	"
Egypt,Cairo,El Shorouk - 7th District
Egypt,Cairo,El Shorouk - 8th Area
Egypt,Cairo,El Shorouk - 8th District
Egypt,Cairo,"El Shorouk - 9th Area	"
Egypt,Cairo,El Shorouk - 9th District
Egypt,Cairo,El Shorouk - City Center
Egypt,Cairo,El Shorouk - Clubs Area
Egypt,Cairo,El Shorouk - Eskan Al A'leat
Egypt,Cairo,El Shorouk - Eskan El Shabab
Egypt,Cairo,El Shorouk - Eskan El Shabab 2
Egypt,Cairo,El Shorouk - Military Area
Egypt,Cairo,El Shorouk City
Egypt,Cairo,El Zaitoun - Al Amereya
Egypt,Cairo,El Zaitoun - Al Amerya El Shamalya
Egypt,Cairo,El Zaitoun - Al Gharbeya
Egypt,Cairo,El Zaitoun - Al Qebleya
Egypt,Cairo,El Zaitoun - Al Sharqeya
Egypt,Cairo,El Zaitoun - Hmamat El Qoba
Egypt,Cairo,El Zaitoun - Kobry El Qoba
Egypt,Cairo,El Zeitoun
Egypt,Cairo,El moatamadeyah
Egypt,Cairo,ElHagana
Egypt,Cairo,ElImam Elshafey
Egypt,Cairo,ElKoronfel villas
Egypt,Cairo,ElTounsi
Egypt,Cairo,Elqalag
Egypt,Cairo,Elrodah
Egypt,Cairo,Ezbeet Allam
Egypt,Cairo,Ezbet Eljazeera
Egypt,Cairo,Ezbet Elnakhel
Egypt,Cairo,Faisal
Egypt,Cairo,Faisal - Akher Faisal
Egypt,Cairo,Faisal - Awel Faisal
Egypt,Cairo,Faisal - El Ashreen
Egypt,Cairo,Faisal - El Kom El Akhdar
Egypt,Cairo,Faisal - El Malekah
Egypt,Cairo,Faisal - El Matba'a
Egypt,Cairo,Faisal - El Nour City
Egypt,Cairo,Faisal - El Ta'awon
Egypt,Cairo,Faisal - El Talbeya
Egypt,Cairo,Faisal - El Twabe'e
Egypt,Cairo,Faisal - Ezbet Gebril
Egypt,Cairo,Faisal - Hassan Mohamed
Egypt,Cairo,Faisal - Kaabesh
Egypt,Cairo,Faisal - Kom Bakar
Egypt,Cairo,Faisal - Mansheya Road
Egypt,Cairo,Faisal - Maryoteya
Egypt,Cairo,Faisal - Masaken Hay El Haram
Egypt,Cairo,Fifth Square Al Marasem
Egypt,Cairo,Garden City
Egypt,Cairo,Gardenia city compound
Egypt,Cairo,Giza
Egypt,Cairo,Giza - Cairo University
Egypt,Cairo,Giza - El Bahr El Azzam
Egypt,Cairo,Giza - El Omraneya El Gharbeya
Egypt,Cairo,Giza - El Omraneya El Sharkeya
Egypt,Cairo,Giza - Giza Square
Egypt,Cairo,Giza - Jazzert El Dahab
Egypt,Cairo,Giza - Mourad
Egypt,Cairo,Giza - Sakiat Mekki
Egypt,Cairo,Hadayek El Ahram - Area
Egypt,Cairo,Hadayek El Ahram - Area A
Egypt,Cairo,Hadayek El Ahram - Area B
Egypt,Cairo,Hadayek El Qobba
Egypt,Cairo,Hadayek Helwan
Egypt,Cairo,Hadayeq El Maadi
Egypt,Cairo,Haddayek Al-Ahram Masaken El-Dobat
Egypt,Cairo,Haram - El Ahram
Egypt,Cairo,Haram - El Arish
Egypt,Cairo,Haram - El Magzar El Aali
Egypt,Cairo,Haram - El Orouba
Egypt,Cairo,Haram - El Remaya
Egypt,Cairo,Haram - El Ta'awun
Egypt,Cairo,Haram - El Thalatheny
Egypt,Cairo,Haram - Europe Hotel
Egypt,Cairo,Haram - Giza Hospital
Egypt,Cairo,Haram - Mansoureya
Egypt,Cairo,Haram - Mash'aal
Egypt,Cairo,Haram - Mohafzet El Giza
Egypt,Cairo,Haram - Nazlet El Semman
Egypt,Cairo,Haram - Omraniya
Egypt,Cairo,Haram - Omraniya Gharbeya
Egypt,Cairo,Haram - Talbiya
Egypt,Cairo,Haram - Tarbeya Riyadia
Egypt,Cairo,Haram - Tersa
Egypt,Cairo,Haram - Wimpy
Egypt,Cairo,Heliopolis - Baron
Egypt,Cairo,Heliopolis - El Horreya
Egypt,Cairo,Heliopolis - El Khalifa El Maa'moun
Egypt,Cairo,Heliopolis - El Sabaa Omarat
Egypt,Cairo,Heliopolis - Hegaz Square
Egypt,Cairo,Heliopolis - Heliopolis Square
Egypt,Cairo,Heliopolis - Ismailia Square
Egypt,Cairo,Heliopolis - Korba
Egypt,Cairo,Heliopolis - Mahkama Square
Egypt,Cairo,Heliopolis - Maqreezi
Egypt,Cairo,Heliopolis - Merryland
Egypt,Cairo,Heliopolis - Roxy
Egypt,Cairo,Heliopolis - Triumph Square
Egypt,Cairo,Helwan
Egypt,Cairo,Hyde park new cairo
Egypt,Cairo,Imbabah - Bashtil
Egypt,Cairo,Imbabah - El Baragil
Egypt,Cairo,Imbabah - El Basrawy
Egypt,Cairo,Imbabah - Imbabah Airport
Egypt,Cairo,Imbabah - Imbabah Island
Egypt,Cairo,Imbabah - Madinat El Omal
Egypt,Cairo,Imbabah - Tag Ad Dewal
Egypt,Cairo,Industrial area New cairo
Egypt,Cairo,KAFR El salmania
Egypt,Cairo,Kafr Hakeem
Egypt,Cairo,Kafr tuhurmis
Egypt,Cairo,Kobry El Qobba
Egypt,Cairo,La fontain elsharbatly compound
Egypt,Cairo,Maadi - Cournich Tura
Egypt,Cairo,Maadi Corniche - Alfa Market
Egypt,Cairo,Maadi Corniche - Andrea
Egypt,Cairo,Maadi Corniche - Armed Forces Club
Egypt,Cairo,Maadi Corniche - Armed Forces Hospital
Egypt,Cairo,Maadi Corniche - El Mahkama El Dostoreya
Egypt,Cairo,Maadi Corniche - El Mohandesin Towers
Egypt,Cairo,Maadi Corniche - El Nile Badrawy
Egypt,Cairo,Maadi Corniche - El Salam Hospital
Egypt,Cairo,Maadi Corniche - El Zahraa
Egypt,Cairo,Maadi Corniche - Holiday Inn
Egypt,Cairo,Maadi Corniche - Maadi Star Towers
Egypt,Cairo,Maadi Corniche - Masr Helwan
Egypt,Cairo,Maadi Corniche - Othman Towers
Egypt,Cairo,Maadi Corniche - Sadat Academy
Egypt,Cairo,Maadi Corniche - The Platform
Egypt,Cairo,Maadi Corniche - Tiba Academy
Egypt,Cairo,Maadi Corniche - Total Entrance
Egypt,Cairo,Maadi Old
Egypt,Cairo,Madinat Elsalam
Egypt,Cairo,Madinaty
Egypt,Cairo,Madinaty - Buildings Area
Egypt,Cairo,Madinaty - Buildings Area (B1)
Egypt,Cairo,Madinaty - Buildings Area (B10)
Egypt,Cairo,Madinaty - Buildings Area (B11)
Egypt,Cairo,Madinaty - Buildings Area (B2)
Egypt,Cairo,Madinaty - Buildings Area (B3)
Egypt,Cairo,Madinaty - Buildings Area (B6)
Egypt,Cairo,Madinaty - Buildings Area (B7)
Egypt,Cairo,Madinaty - Buildings Area (B8)
Egypt,Cairo,Madinaty - Buildings Area (B9)
Egypt,Cairo,Madinaty - Central Park
Egypt,Cairo,Madinaty - City Bolivar
Egypt,Cairo,Madinaty - Collages Area
Egypt,Cairo,Madinaty - Golf Area
Egypt,Cairo,Madinaty - Golf Club
Egypt,Cairo,Madinaty - Green Belt
Egypt,Cairo,Madinaty - South Park
Egypt,Cairo,Madinaty - Sporting Club
Egypt,Cairo,Madinaty - Villas Area (V11)
Egypt,Cairo,Madinaty - Villas Area (V12)
Egypt,Cairo,Madinaty - Villas Area (V13)
Egypt,Cairo,Madinaty - Villas Area (V16)
Egypt,Cairo,Madinaty - Villas Area (V4)
Egypt,Cairo,Madinaty - Villas Area (V5)
Egypt,Cairo,Madinaty - Villas Area 1
Egypt,Cairo,Madinaty - Work Shops
Egypt,Cairo,Mansheyat Naser
Egypt,Cairo,Masaken Sheraton - Abdel Hamid Badwai
Egypt,Cairo,Masaken Sheraton - Acamdeya Bahria
Egypt,Cairo,Masaken Sheraton - District Sheraton
Egypt,Cairo,Masaken Sheraton - El Haykstep
Egypt,Cairo,Masaken Sheraton - Fairmont Heliopolis
Egypt,Cairo,Masaken Sheraton - Nadi El Gala'a
Egypt,Cairo,Masaken Sheraton - Oasis Matar
Egypt,Cairo,Masaken Sheraton - Saqr Qorish-Sheraton
Egypt,Cairo,Masaken Sheraton - Sheraton Autostrad
Egypt,Cairo,Masaken Sheraton - Sun City
Egypt,Cairo,Mashrooa el abeit canal rd
Egypt,Cairo,Matareya
Egypt,Cairo,Miami - Khaled Ebn El Waleed
Egypt,Cairo,Misr El Kadema
Egypt,Cairo,Mohamed hafez street
Egypt,Cairo,Mohandesin - Al Kit Kat
Egypt,Cairo,Mohandesin - El Zamlek Club
Egypt,Cairo,Mohandesin - Jazerat El Arab
Egypt,Cairo,Mohandesin - Lebanon Square
Egypt,Cairo,Mohandesin - Madient Al A'alam
Egypt,Cairo,Mohandesin - Mit Okba
Egypt,Cairo,Mohandiseen
Egypt,Cairo,Mokattam - Al Asmarat
Egypt,Cairo,Mokattam - Al Baron Street
Egypt,Cairo,Mokattam - Al Jazzera Higher Institute
Egypt,Cairo,Mokattam - Centeral El Mokattam
Egypt,Cairo,Mokattam - Easy Sport Club
Egypt,Cairo,Mokattam - El A'lamyen Club
Egypt,Cairo,Mokattam - El Andalus Park
Egypt,Cairo,Mokattam - El Hadba El Wosta
Egypt,Cairo,Mokattam - El Mafarik
Egypt,Cairo,Mokattam - El Nafora Square
Egypt,Cairo,Mokattam - Masaken Al Abd
Egypt,Cairo,Mokattam - Masaken Al Zelzal
Egypt,Cairo,Mokattam - Modern Academy
Egypt,Cairo,Mokattam - Qatameya Gardens
Egypt,Cairo,Mokattam - Uptown Cairo
Egypt,Cairo,Nasr City - Abbas El Akkad
Egypt,Cairo,Nasr City - Abo Dawoud El Zahery
Egypt,Cairo,Nasr City - Ahmed Fakhry
Egypt,Cairo,Nasr City - Azhar University
Egypt,Cairo,Nasr City - Cairo Stadium
Egypt,Cairo,Nasr City - El Hadeeqa El Dawlia
Egypt,Cairo,Nasr City - El Mante'aa El Horra
Egypt,Cairo,Nasr City - El Masah
Egypt,Cairo,Nasr City - El Serag Mall
Egypt,Cairo,Nasr City - El Tayaran
Egypt,Cairo,Nasr City - El Wafaa W El Amal
Egypt,Cairo,Nasr City - Genena Mall
Egypt,Cairo,Nasr City - Hassan El Ma'moun
Egypt,Cairo,Nasr City - Hay 10
Egypt,Cairo,Nasr City - Hay 7
Egypt,Cairo,Nasr City - Hay 8
Egypt,Cairo,Nasr City - Hay El Sefarat
Egypt,Cairo,Nasr City - Madinet El Waha
Egypt,Cairo,Nasr City - Makram Ebeid
Egypt,Cairo,Nasr City - Masaken El Shorouk
Egypt,Cairo,Nasr City - Mostafa El Nahaas
Egypt,Cairo,Nasr City - Omarat El Tawfiq
Egypt,Cairo,Nasr City - Youssef Abbas
Egypt,Cairo,Nasr City - Zahraa
Egypt,Cairo,Nasr City - Zaker Huessein
Egypt,Cairo,New Giza - El Hay El Awel
Egypt,Cairo,New Giza - Golf Area
Egypt,Cairo,New Giza - Green Belt
Egypt,Cairo,New Giza - Schools Area
Egypt,Cairo,New Heliopolis
Egypt,Cairo,New Maadi - Al Sarayaat
Egypt,Cairo,New Maadi - Arab El Maadi
Egypt,Cairo,New Maadi - Degla
Egypt,Cairo,New Maadi - El Basateen
Egypt,Cairo,New Maadi - El Basateen El Sharqeya
Egypt,Cairo,New Maadi - El Gazayeer
Egypt,Cairo,New Maadi - El Nadi El Gedid
Egypt,Cairo,New Maadi - El Qamar El Sena'ye
Egypt,Cairo,New Maadi - Electricity company
Egypt,Cairo,New Maadi - Modern Academy
Egypt,Cairo,New Maadi - Palestine Square
Egypt,Cairo,New Maadi - Saqr Korish
Egypt,Cairo,New Maadi - Taqseem Laselky
Egypt,Cairo,New Maadi - Technology Park
Egypt,Cairo,New Maadi - Victoria Square
Egypt,Cairo,New Nozha
Egypt,Cairo,Noktt bashteel
Egypt,Cairo,Palm Hills Katameya Club
Egypt,Cairo,Palm Hills Village Gardens Katameya Tagammoa 5
Egypt,Cairo,Pyramids Heights
Egypt,Cairo,Saft Al Laban
Egypt,Cairo,Shobra
Egypt,Cairo,Shobra - Aboud
Egypt,Cairo,Shobra - Al Azab
Egypt,Cairo,Shobra - Al Khalafawy
Egypt,Cairo,Shobra - Al Zawya El Hamra
Egypt,Cairo,Shobra - El Khazendara
Egypt,Cairo,Shobra - El Mazalat
Egypt,Cairo,Shobra - El Qosayreen
Egypt,Cairo,Shobra - El Sahel
Egypt,Cairo,Shobra - El Sharabeya
Egypt,Cairo,Shobra - Ezbet El Khamaysa
Egypt,Cairo,Shobra - Faculty Of Engineering
Egypt,Cairo,Shobra - Gesr Shobra
Egypt,Cairo,Shobra - Ghamra
Egypt,Cairo,Shobra - Mama'al El Alalban
Egypt,Cairo,Shobra - Masara
Egypt,Cairo,Shobra - Minyat As Siraj
Egypt,Cairo,Shobra - Rod El Farg
Egypt,Cairo,Shobra - Souk Rod El Farg
Egypt,Cairo,Shobra - St. Trez
Egypt,Cairo,Shobra - Victoria Square
Egypt,Cairo,Shobra El Kheima
Egypt,Cairo,Shobra El Kheima - Asfor Hospital
Egypt,Cairo,Shobra El Kheima - Bahtim Hospital
Egypt,Cairo,Shobra El Kheima - Cables Company Club
Egypt,Cairo,Shobra El Kheima - East Shobra El Khima Educational Administration
Egypt,Cairo,Shobra El Kheima - Eastern Shobra Police Station
Egypt,Cairo,Shobra El Kheima - El Mansheya Youth Center
Egypt,Cairo,Shobra El Kheima - El Plastic Club
Egypt,Cairo,Shobra El Kheima - Ezbet Al Bakry
Egypt,Cairo,Shobra El Kheima - Go Bus
Egypt,Cairo,Shobra El Kheima - Higher Institute of Computer and Information Systems
Egypt,Cairo,Shobra El Kheima - Masaken Ain Shams
Egypt,Cairo,Shobra El Kheima - Second Police Station Shobra
Egypt,Cairo,Shobra El Kheima - The Arab Instructors
Egypt,Cairo,Smart Village
Egypt,Cairo,Tagammoa 1
Egypt,Cairo,Tagammoa 1 - El Amn El A'am
Egypt,Cairo,Tagammoa 1 - El Nakhil
Egypt,Cairo,Tagammoa 1 - Eskan El Shabab
Egypt,Cairo,Tagammoa 1 - Mirage City
Egypt,Cairo,Tagammoa 1 - Police Academy
Egypt,Cairo,Tagammoa 1 - Sharq El Academya
Egypt,Cairo,Tagammoa 1 - Swan Lake
Egypt,Cairo,Tagammoa 1 - The Districts
Egypt,Cairo,Tagammoa 3
Egypt,Cairo,Tagammoa 3 - 1st District
Egypt,Cairo,Tagammoa 3 - 2nd District
Egypt,Cairo,Tagammoa 3 - 3rd District
Egypt,Cairo,Tagammoa 3 - 4th District
Egypt,Cairo,Tagammoa 3 - El Shabab
Egypt,Cairo,Tagammoa 5 - 90 St. Companies
Egypt,Cairo,Tagammoa 5 - AUC
Egypt,Cairo,Tagammoa 5 - Al Diyar Compound
Egypt,Cairo,"Tagammoa 5 - Banafseg 1,2,3,4"
Egypt,Cairo,"Tagammoa 5 - Banafseg 5,6,7,8"
Egypt,Cairo,"Tagammoa 5 - Banafseg 9,10,11,12"
Egypt,Cairo,Tagammoa 5 - Banks Center
Egypt,Cairo,Tagammoa 5 - Cairo Festival City
Egypt,Cairo,Tagammoa 5 - Diplomates
Egypt,Cairo,Tagammoa 5 - El Banafseg Buildings
Egypt,Cairo,Tagammoa 5 - El Lotus El Shamaleya
Egypt,Cairo,Tagammoa 5 - El Narges 1
Egypt,Cairo,Tagammoa 5 - El Narges 2
Egypt,Cairo,Tagammoa 5 - El Narges 3
Egypt,Cairo,Tagammoa 5 - El Narges 4
Egypt,Cairo,"Tagammoa 5 - El Narges 5,6,7"
Egypt,Cairo,Tagammoa 5 - El Narges 8
Egypt,Cairo,Tagammoa 5 - El Narges Buildings
Egypt,Cairo,Tagammoa 5 - El Showifat
Egypt,Cairo,Tagammoa 5 - El Yasmeen 1
Egypt,Cairo,Tagammoa 5 - El Yasmeen 2
Egypt,Cairo,Tagammoa 5 - El Yasmeen 3
Egypt,Cairo,Tagammoa 5 - El Yasmeen 4
Egypt,Cairo,Tagammoa 5 - El Yasmeen 5
Egypt,Cairo,Tagammoa 5 - El Yasmeen 6
Egypt,Cairo,Tagammoa 5 - El Yasmeen 7
Egypt,Cairo,Tagammoa 5 - El Yasmeen 8
Egypt,Cairo,Tagammoa 5 - El-Andalos
Egypt,Cairo,Tagammoa 5 - Emaar Mivida
Egypt,Cairo,Tagammoa 5 - Fountain Park
Egypt,Cairo,Tagammoa 5 - Ganoub El Academeya
Egypt,Cairo,Tagammoa 5 - Hay 1
Egypt,Cairo,Tagammoa 5 - Hay 2
Egypt,Cairo,Tagammoa 5 - Hay 3
Egypt,Cairo,Tagammoa 5 - Hay 4
Egypt,Cairo,Tagammoa 5 - Hay 5
Egypt,Cairo,Tagammoa 5 - Lake View
Egypt,Cairo,Tagammoa 5 - Les Rois Compound
Egypt,Cairo,Tagammoa 5 - North Investors
Egypt,Cairo,Tagammoa 5 - North Investors Extension
Egypt,Cairo,Tagammoa 5 - Sodic
Egypt,Cairo,Tagammoa 5 - South Investors
Egypt,Cairo,Tagammoa 5 West Arabella
Egypt,Cairo,Tagammoa 5 West Golf Kattameya Heights
Egypt,Cairo,Tagammoa5 - El Lotus El Ganoubeya
Egypt,Cairo,Tagamoaa 3
Egypt,Cairo,Warraq El Arab
Egypt,Cairo,Warraq El Hadar 1
Egypt,Cairo,Zahraa El Maadi - Al Kuwaiti
Egypt,Cairo,Zahraa El Maadi - Ashgar Darna
Egypt,Cairo,Zahraa El Maadi - Becho American
Egypt,Cairo,Zahraa El Maadi - Ebad El Rahman
Egypt,Cairo,Zahraa El Maadi - El Me'arag El Ouloy
Egypt,Cairo,Zahraa El Maadi - El Me'arag El Soufly
Egypt,Cairo,Zahraa El Maadi - El Morshedy
Egypt,Cairo,Zahraa El Maadi - El Shatr El Khamis Nerko
Egypt,Cairo,Zahraa El Maadi - El Shatr El Sabe'a
Egypt,Cairo,Zahraa El Maadi - El Shatr El Sades
Egypt,Cairo,Zahraa El Maadi - Street 50
Egypt,Cairo,Zahraa El Maadi - Tijan
Egypt,Cairo,Zahraa El Maadi - Tijan 2
Egypt,Cairo,Zahraa El Maadi - Wadi Degla Club
Egypt,Cairo,Zamalek - 26 July
Egypt,Cairo,Zamalek - Abo El Feda
Egypt,Cairo,Zamalek - Cairo Tower
Egypt,Cairo,Zamalek - El Ahly Club
Egypt,Cairo,Zamalek - Fenon Gamila
Egypt,Cairo,Zamalek - Gezira Club
Egypt,Cairo,Zamalek - Hassan Sabry
Egypt,Cairo,Zamalek - Mara'shly
Egypt,Cairo,Zamalek - Mariott
Egypt,Cairo,Zamalek - Mohamed Mazhar
Egypt,Cairo,Zamalek - Om Kalthoum
Egypt,Cairo,Zamalek - Opera House
Egypt,Cairo,Zamalek - Salah El Din
Egypt,Cairo,Znayn
Egypt,Cairo,el Monib
Egypt,Cairo,kafr Ghatati
Egypt,Cairo,mahtet awl sahm
Egypt,Cairo,mahtet miah bashteel
Egypt,Cairo,mantaat oasis Hotel
Egypt,Cairo,mantkt shmal toora
Egypt,Cairo,monshaat Al Bakkari
Egypt,Damanhour,Abd El Salam El Shazly
Egypt,Damanhour,Abou Al Rish Square
Egypt,Damanhour,Al Baher
Egypt,Damanhour,Al Gomhorya Street
Egypt,Damanhour,Al Nasr
Egypt,Damanhour,Al Teraa
Egypt,Damanhour,Al Wehda Al Arabia
Egypt,Damanhour,Aldefrawiy
Egypt,Damanhour,Arad Admon
Egypt,Damanhour,Corniche
Egypt,Damanhour,El Behiera Governorate
Egypt,Damanhour,El Rawda
Egypt,Damanhour,Nadi Damanhour
Egypt,Damanhour,Opera
Egypt,Damanhour,Post Office - El Maqrizy
Egypt,Damanhour,Qonya City
Egypt,Damanhour,Qortasa
Egypt,Damanhour,Salah Salem
Egypt,Damanhour,Shehata street
Egypt,Damanhour,Taher
Egypt,Damanhour,Tahrir
Egypt,Damietta,Al Harby
Egypt,Damietta,Al Ishrin
Egypt,Damietta,Al Nagda
Egypt,Damietta,Al Saiala Al Gadida
Egypt,Damietta,Cornishe El Nile
Egypt,Damietta,Damietta Stadium
Egypt,Damietta,El Hussein Gad Allah
Egypt,Damietta,El Nokrashy
Egypt,Damietta,El Sananya - El Hawis
Egypt,Damietta,El Sharbasy
Egypt,Damietta,Ezzbet Al Borg
Egypt,Damietta,Mahkamet Damietta El Kadima
Egypt,Damietta,Medan Sorour
Egypt,Damietta,Port Said St
Egypt,Damietta,Wast Al Balad
Egypt,Damietta New,1st District
Egypt,Damietta New,2nd District
Egypt,Damietta New,3rd District
Egypt,Damietta New,4th District
Egypt,Damietta New,5th District
Egypt,Damietta New,Central Park
Egypt,Damietta New,Damietta Port
Egypt,Damietta New,Damietta University
Egypt,Damietta New,Down Town
Egypt,Damietta New,El Hay El Motamayez
Egypt,Damietta New,Industrial Area
Egypt,Hurghada,Abo Nawas
Egypt,Hurghada,Al Dahar
Egypt,Hurghada,Al Quraa Area
Egypt,Hurghada,Arabia Area
Egypt,Hurghada,El Centre Eliby
Egypt,Hurghada,El Dary Jouhina
Egypt,Hurghada,El Hadaba
Egypt,Hurghada,El Hegaz
Egypt,Hurghada,El Kothar
Egypt,Hurghada,El Sakallah Square
Egypt,Hurghada,El Wafaa
Egypt,Hurghada,Hafr El Batn
Egypt,Hurghada,Hay El Arab
Egypt,Hurghada,Hurghada Airport
Egypt,Hurghada,Sheraton
Egypt,Hurghada,Zahabia
Egypt,Ismailia,Al Ersal
Egypt,Ismailia,Al Ezaa Wel Telfezyoun
Egypt,Ismailia,Al Fager Al Gadid
Egypt,Ismailia,Al Nakhil
Egypt,Ismailia,Al Sharea Al Gadid
Egypt,Ismailia,Ard El Gam'iyat
Egypt,Ismailia,Cokacola
Egypt,Ismailia,District 5
Egypt,Ismailia,District 7
Egypt,Ismailia,Downtown - Champollion
Egypt,Ismailia,Downtown - Oraby
Egypt,Ismailia,Edaret Moror Ismailia
Egypt,Ismailia,El Araisheyeh
Egypt,Ismailia,El Balabsa
Egypt,Ismailia,El Belajat Street
Egypt,Ismailia,El Gam'aa El Kadima
Egypt,Ismailia,El Herafyeen
Egypt,Ismailia,El Kelo 2
Egypt,Ismailia,El Mahta El Gedida
Egypt,Ismailia,El Malaha Gardens
Egypt,Ismailia,El Montazah Club
Egypt,Ismailia,El Mostashfa El A'am
Egypt,Ismailia,El Shikh Zayed - El Mahta
Egypt,Ismailia,El Shikh Zayed - Togary Street
Egypt,Ismailia,El Shohada
Egypt,Ismailia,El Zohour
Egypt,Ismailia,Ezzebt El Bahteny
Egypt,Ismailia,Forsan Island
Egypt,Ismailia,Garden City
Egypt,Ismailia,Hay 24 October
Egypt,Ismailia,Hay El Salam
Egypt,Ismailia,Ismailia Governorate
Egypt,Ismailia,Moustafa Kamel Square
Egypt,Ismailia,Nadi El Forosya
Egypt,Ismailia,Nemra 6
Egypt,Ismailia,Othmason
Egypt,Ismailia,Shebeen El Kom Street
Egypt,Ismailia,Suez Canal University
Egypt,Ismailia,University Hospital
Egypt,Mansoura,Downtown - El Gomhorya
Egypt,Mansoura,Downtown - El Sayeda Zeinab
Egypt,Mansoura,Downtown - Magra El Ouyon
Egypt,Mansoura,El Esawy
Egypt,Mansoura,El Gala'a & El Aswaq
Egypt,Mansoura,El Hesseneya
Egypt,Mansoura,El Magzar
Egypt,Mansoura,El Mashaya
Egypt,Mansoura,El Mokhtalat
Egypt,Mansoura,El Teraa
Egypt,Mansoura,El Thanaweya
Egypt,Mansoura,El Tomiehey
Egypt,Mansoura,Ezbet El Shal
Egypt,Mansoura,Gadila & Toreel
Egypt,Mansoura,Hay El Gama'a
Egypt,Mansoura,Madinet El Salam
Egypt,Mansoura,Madinet Mubarak
Egypt,Mansoura,Mansoura University
Egypt,Mansoura,Masaken El Shennawy
Egypt,Mansoura,Meet Hadar
Egypt,Mansoura,Mogama'a El Mahakem
Egypt,Mansoura,Mostashfa El Sadr Area
Egypt,Mansoura,Mostashfayat El Gama'a
Egypt,Mansoura,Portsaid Street
Egypt,Mansoura,Sandoub
Egypt,Mansoura,Talkha
Egypt,Minya,Adnan El Malky
Egypt,Minya,Al Helmeya
Egypt,Minya,Al Houea
Egypt,Minya,Al Makhbaz
Egypt,Minya,Badea' El Zaman
Egypt,Minya,Cornishe El Nile
Egypt,Minya,Damaries
Egypt,Minya,El Husseiny
Egypt,Minya,El Magary
Egypt,Minya,El Sadat
Egypt,Minya,Ezzabt El Ekhsas
Egypt,Minya,Ezzabt Shalaby
Egypt,Minya,Kanisat Al Azraa
Egypt,Minya,Minya
Egypt,Minya,Saad Zaghloul
Egypt,Minya,Shady Road
Egypt,Minya,Sharea' Ebn El Qared
Egypt,Minya,Sharea' El Mo'assa
Egypt,Minya,Taha Hussien
Egypt,North Coast,Marina 4
Egypt,North Coast,Marina 7
Egypt,North Coast,Stella Di Mare Sidi Abdel Rahman
Egypt,Port Said,Al Arab District
Egypt,Port Said,Al Dawahy District
Egypt,Port Said,Al Manakh District
Egypt,Port Said,Al Sharq District
Egypt,Port Said,Al Zohour District
Egypt,Port Said,Downtown - Maspiro
Egypt,Port Said,Downtown - Tahrir
Egypt,Port Said,Port Fuad
Egypt,Port Said,Shobra - El Sahel
Egypt,Port Said,Tarh Elbahr
Egypt,Suhag,El Tahrir
Egypt,Talkha,El Magzar
Egypt,Talkha,Talkha
Egypt,Tanta,Downtown - Tahrir
Egypt,Tanta,El Bahr Street - Qesm Awal
Egypt,Tanta,El Bahr Street - Qesm Thany
Egypt,Tanta,El Egezy
Egypt,Tanta,El Fateh Street
Egypt,Tanta,El Galaa
Egypt,Tanta,El Ganbeya
Egypt,Tanta,El Helw Street
Egypt,Tanta,El Mo'aahda
Egypt,Tanta,El Modereya
Egypt,Tanta,El Mohafza
Egypt,Tanta,El Morashaha
Egypt,Tanta,El Nady Street
Egypt,Tanta,El Nahas Street
Egypt,Tanta,El Sagha
Egypt,Tanta,El Saha El Sha'beya
Egypt,Tanta,El Salakhana
Egypt,Tanta,El Sayed El Badawy
Egypt,Tanta,Halaket El Kotn Souq El Seba'ey
Egypt,Tanta,Hassan Radwan
Egypt,Tanta,Ibn El Fared
Egypt,Tanta,Kafr Essam
Egypt,Tanta,Kohafa
Egypt,Tanta,Masaken El Tagned
Egypt,Tanta,Misr El Kadema
Egypt,Tanta,Mostashfa El Gamaa
Egypt,Tanta,Sa'eed Street
Egypt,Tanta,Seger
Egypt,Tanta,Segn Tanta
Egypt,Tanta,Seket El Mahalla
Egypt,Tanta,Sibirbay
Egypt,Tanta,Souq El Gomla
Egypt,Tanta,Stadium Area
Egypt,Tanta,Taha El Hakim
Egypt,Zagazig,23rd July
Egypt,Zagazig,Abdel Maguid
Egypt,Zagazig,Al Hosania
Egypt,Zagazig,Al Kawmeya
Egypt,Zagazig,Al Maahad Al Dini
Egypt,Zagazig,Al Salakhana
Egypt,Zagazig,Edaret El Moror
Egypt,Zagazig,El Geish
Egypt,Zagazig,El Nokrashy
Egypt,Zagazig,El Sadat
Egypt,Zagazig,El Sayed Farag
Egypt,Zagazig,El Teraa Road
Egypt,Zagazig,Hay El Zohour
Egypt,Zagazig,Hay Thany Zagazig
Egypt,Zagazig,Kesm El Hokamaa
Egypt,Zagazig,Medan Al Zera'a
Egypt,Zagazig,Medan El Montazah
Egypt,Zagazig,Medan Oraby
Egypt,Zagazig,Mostashafa Al Tayseer
Egypt,Zagazig,Pnaios Road
Egypt,Zagazig,Saad El Din
Egypt,Zagazig,Saad Zaghloul
Egypt,Zagazig,Sharea' Abu Nadara
Egypt,Zagazig,Sharea' El Farouq
Egypt,Zagazig,Sharea' El Mohafza
Egypt,Zagazig,Sharea' El Tagnid
Egypt,Zagazig,Sharea' Ramadan
Egypt,Zagazig,Sharq El Zagazig El Taa'limya
Egypt,Zagazig,Shibat El Nakkareyah
Egypt,Zagazig,Tawfik Abaza
Egypt,Zagazig,Wadi El Nile
Egypt,Zagazig,Zagazig University
Jordan,Amman,AL Dobat
Jordan,Amman,AL Furqan
Jordan,Amman,Abdali
Jordan,Amman,Abdoun
Jordan,Amman,Abdoun Al Shamali
Jordan,Amman,Abu Al Qram
Jordan,Amman,Abu Alanda
Jordan,Amman,Abu Alia
Jordan,Amman,Abu Nsier - Al Amanah
Jordan,Amman,Abu Nsier - Al Basalah
Jordan,Amman,Abu Nsier - Al Farouq
Jordan,Amman,Abu Nsier - Al Sa'adah
Jordan,Amman,Abu Nsier -AL Dia'
Jordan,Amman,Abu Obaida
Jordan,Amman,Abu Swanah
Jordan,Amman,Al Abrar
Jordan,Amman,Al Adlyeh
Jordan,Amman,Al Afrah
Jordan,Amman,Al Akhdar
Jordan,Amman,Al Amal
Jordan,Amman,Al Ameer Al Hussien Bin Abdullah
Jordan,Amman,Al Amir Hamza
Jordan,Amman,Al Amir Hassan
Jordan,Amman,Al Amira Alia
Jordan,Amman,Al Andalus
Jordan,Amman,Al Ashrafieh
Jordan,Amman,Al Atiba'
Jordan,Amman,Al Awdah
Jordan,Amman,Al Baladeyeh- Al Jubieha
Jordan,Amman,Al Baqa'ah
Jordan,Amman,Al Baraka
Jordan,Amman,Al Bayader
Jordan,Amman,Al Bunayyat Al Janobi
Jordan,Amman,Al Bunayyat Al Shamali
Jordan,Amman,Al Dameneh
Jordan,Amman,Al Diyar
Jordan,Amman,Al Fadilah
Jordan,Amman,Al Feisal
Jordan,Amman,Al Fuhais
Jordan,Amman,Al Ghaba
Jordan,Amman,Al Hanou
Jordan,Amman,Al Hashmeyh Al Janobyieh
Jordan,Amman,Al Hashmi
Jordan,Amman,Al Hashmi Al Janobi
Jordan,Amman,Al Hashmi Al Shamali
Jordan,Amman,Al Hidayeh
Jordan,Amman,Al Hikmah
Jordan,Amman,Al Hilal
Jordan,Amman,Al Hummar
Jordan,Amman,Al Humranyah
Jordan,Amman,Al Hurryeh
Jordan,Amman,Al Husnyeh
Jordan,Amman,Al Huson
Jordan,Amman,Al Ihsan
Jordan,Amman,Al Iman
Jordan,Amman,Al Jama'ah
Jordan,Amman,Al Jandaweel
Jordan,Amman,Al Juninah
Jordan,Amman,Al Jurn
Jordan,Amman,Al Jwideh
Jordan,Amman,Al Kamaliya
Jordan,Amman,Al Karamah
Jordan,Amman,Al Khazneh
Jordan,Amman,Al Kom Al Gharbi
Jordan,Amman,Al Kom Al Sharqi
Jordan,Amman,Al Kuleyeh Al Islameyh - Al Juibieha
Jordan,Amman,Al Kursi
Jordan,Amman,Al Lawazem
Jordan,Amman,Al Lubban
Jordan,Amman,Al Ma'adi
Jordan,Amman,Al Madinah Al Tabyeh
Jordan,Amman,Al Maghaba Al Sharqi
Jordan,Amman,Al Mahabbeh - Al Jubieha
Jordan,Amman,Al Mala'ab
Jordan,Amman,Al Manarah
Jordan,Amman,Al Mansour
Jordan,Amman,Al Marrj
Jordan,Amman,Al Matar - Marka
Jordan,Amman,Al Matla'
Jordan,Amman,Al Mghaba Al Gharbi
Jordan,Amman,Al Morouj
Jordan,Amman,Al Mowahdin
Jordan,Amman,Al Mshairfeh
Jordan,Amman,Al Muqabalain
Jordan,Amman,Al Naharyah
Jordan,Amman,Al Nasser
Jordan,Amman,Al Nathif
Jordan,Amman,Al Nuaija
Jordan,Amman,Al Nuzha
Jordan,Amman,Al Oroubah
Jordan,Amman,Al Qasabat
Jordan,Amman,Al Qusour
Jordan,Amman,Al Qwaismeh
Jordan,Amman,Al Rabahieh
Jordan,Amman,Al Rabieh - Al Salam
Jordan,Amman,Al Rabwa
Jordan,Amman,Al Rahibat Al Wardiyeh
Jordan,Amman,Al Raqim
Jordan,Amman,Al Rawabi
Jordan,Amman,Al Rawdah
Jordan,Amman,Al Rawnaq
Jordan,Amman,Al Rayyan - Al Jubieha
Jordan,Amman,Al Ridwan
Jordan,Amman,Al Rjoum
Jordan,Amman,Al Sadiq
Jordan,Amman,Al Safa
Jordan,Amman,Al Sahabah
Jordan,Amman,Al Sahel
Jordan,Amman,Al Sahel Al Akhdar
Jordan,Amman,Al Sakaneyeh (7)
Jordan,Amman,Al Salalem
Jordan,Amman,Al Salhien
Jordan,Amman,Al Shaabeyeh
Jordan,Amman,Al Shahid Al Janobi
Jordan,Amman,Al Shahid Al Shamali
Jordan,Amman,Al Shiokh
Jordan,Amman,Al Sina'a
Jordan,Amman,Al Snobr
Jordan,Amman,Al Swaifyeh
Jordan,Amman,Al Thahir
Jordan,Amman,Al Thawra Al Arabia Al Kubra
Jordan,Amman,Al Thra'
Jordan,Amman,Al Tla'a Al Shamali
Jordan,Amman,Al Tla'a Al Sharqi
Jordan,Amman,Al Tunaib
Jordan,Amman,Al Yadodeh
Jordan,Amman,Al Zahra
Jordan,Amman,Al Zahra'
Jordan,Amman,Al Zarqa Al Jadeedeh
Jordan,Amman,Al Zaytonah - Al Jubieha
Jordan,Amman,Al Zohour
Jordan,Amman,Alhamamat Altunesyeh
Jordan,Amman,Awajan
Jordan,Amman,Ayn Ghazal
Jordan,Amman,Bani Obeid
Jordan,Amman,Barakh
Jordan,Amman,Bayt Al Maqdes
Jordan,Amman,Bilal
Jordan,Amman,City Center
Jordan,Amman,Dabouq
Jordan,Amman,Daheit Al Aqsa
Jordan,Amman,Daheit Al Yasmeen
Jordan,Amman,Dahiet Al Amera Haya
Jordan,Amman,Dahiyet Al Rashid
Jordan,Amman,Dhuheibah
Jordan,Amman,Downtown
Jordan,Amman,Eidoon
Jordan,Amman,Ein Al Basha
Jordan,Amman,Ghamadan
Jordan,Amman,Hada'eq Al Hussien
Jordan,Amman,Hamza
Jordan,Amman,Hanina
Jordan,Amman,Hay Al Ameer Mohammad
Jordan,Amman,Hay Al Hussain
Jordan,Amman,Hay Al Iskan
Jordan,Amman,Hay Al Rahmanieh
Jordan,Amman,Hay Alkhaledeen
Jordan,Amman,Hay Ma'soom
Jordan,Amman,Hay Shaker
Jordan,Amman,Hettin
Jordan,Amman,Huwwarah
Jordan,Amman,Ibn Owf -Al Juibeiha
Jordan,Amman,Iskan Al Batrawi
Jordan,Amman,Jabal Al Amera Rahma
Jordan,Amman,Jabal Al Hussain
Jordan,Amman,Jabal Al Jofah
Jordan,Amman,Jabal Al Naser
Jordan,Amman,Jabal Al Nuzha
Jordan,Amman,Jabal Al Qala'a
Jordan,Amman,Jabal Al Taj
Jordan,Amman,Jabal Al Weibdeh
Jordan,Amman,Jabal Amman
Jordan,Amman,Jadeed
Jordan,Amman,Jawa Al Janoubi
Jordan,Amman,Jawa Al Shamali
Jordan,Amman,Jordan Hospital Area
Jordan,Amman,Jubaiha
Jordan,Amman,Khalda
Jordan,Amman,Kherbat Al Souq
Jordan,Amman,Madinat Al Hussein
Jordan,Amman,Madinet El Sharq
Jordan,Amman,Mahes
Jordan,Amman,Marj Al Furs
Jordan,Amman,Marj El Hamam
Jordan,Amman,Naour
Jordan,Amman,Qiba'a
Jordan,Amman,Queen Alia International Airport
Jordan,Amman,Qutnah
Jordan,Amman,Raghadan
Jordan,Amman,Ras El Ain
Jordan,Amman,Rujm Ashshami
Jordan,Amman,Russayfa
Jordan,Amman,Safut
Jordan,Amman,Sahab
Jordan,Amman,Salem
Jordan,Amman,Salhyat Al Abed
Jordan,Amman,Shmaisani
Jordan,Amman,Sweileh - Al Bsha'er
Jordan,Amman,Sweileh - Al Fadilah
Jordan,Amman,Sweileh - Al Forousyah
Jordan,Amman,Sweileh - Al Hai Al Sharqi
Jordan,Amman,Sweileh - Maisloun
Jordan,Amman,Tab Qira
Jordan,Amman,Tabarbour
Jordan,Amman,Taqwa
Jordan,Amman,The Jordan Museum Area
Jordan,Amman,UMM Al Kundum
Jordan,Amman,Um Baiadah
Jordan,Amman,Um El Summaq
Jordan,Amman,Um Hujier
Jordan,Amman,Um Uthainah Al Gharbi
Jordan,Amman,Um Uthainah Al Sharqi
Jordan,Amman,Umm Al Hiran
Jordan,Amman,Umm Al Irouq
Jordan,Amman,Umm Al Usoud
Jordan,Amman,Umm Blaneh
Jordan,Amman,Umm Nowarah
Jordan,Amman,Umm Qusier
Jordan,Amman,Umm Shterat
Jordan,Amman,Uyun Al Dhib
Jordan,Amman,Wadi Al Akrad
Jordan,Amman,Wadi Al Haddadeh
Jordan,Amman,Wadi Al Halabi
Jordan,Amman,Wadi Al Souror
Jordan,Amman,Yajouz
Jordan,Amman,al dyar
Jordan,Aqaba,AYLA
Jordan,Aqaba,Al Balad Al Qadeemeh
Jordan,Aqaba,Al Herafeyeh
Jordan,Aqaba,Al Mahdood Al Gharby
Jordan,Aqaba,Al Mahdood Al Sharqy
Jordan,Aqaba,Al Mahdood Al Wasat
Jordan,Aqaba,Al Manarah
Jordan,Aqaba,Al Rimaal
Jordan,Aqaba,Al Sakaneyeh (10)
Jordan,Aqaba,Al Sakaneyeh (3)
Jordan,Aqaba,Al Sakaneyeh (4)
Jordan,Aqaba,Al Sakaneyeh (5)
Jordan,Aqaba,Al Sakaneyeh (6)
Jordan,Aqaba,Al Sakaneyeh (7)
Jordan,Aqaba,Al Sakaneyeh (8)
Jordan,Aqaba,Al Sakaneyeh (9)
Jordan,Aqaba,Al Shaabeyeh
Jordan,Aqaba,Al Shalalah
Jordan,Aqaba,Al Shamiyah
Jordan,Aqaba,Alhamamat Altunesyeh
Jordan,Aqaba,Sakan Al Asmedah
Jordan,Aqaba,Tala Bay
Jordan,Aqaba,Tijareyeh 1
Jordan,Aqaba,Tijareyeh 3
Jordan,Aqaba,Tijaryeh 2
Jordan,Irbid,Al A'awdah
Jordan,Irbid,Al Abrar
Jordan,Irbid,Al Afrah
Jordan,Irbid,Al Andalus
Jordan,Irbid,Al Ashrafiyah
Jordan,Irbid,Al Atiba'
Jordan,Irbid,Al Balad
Jordan,Irbid,Al Baqa'ah
Jordan,Irbid,Al Basatin
Jordan,Irbid,Al Bayadah
Jordan,Irbid,Al Fadilah
Jordan,Irbid,Al Hashmi
Jordan,Irbid,Al Herafyen Al Shareqi
Jordan,Irbid,Al Hikmah
Jordan,Irbid,Al Huson
Jordan,Irbid,Al Iman
Jordan,Irbid,Al Jama'ah
Jordan,Irbid,Al Jame'
Jordan,Irbid,Al Karama
Jordan,Irbid,Al Lawazem
Jordan,Irbid,Al Mala'ab
Jordan,Irbid,Al Manara
Jordan,Irbid,Al Marrj
Jordan,Irbid,Al Matla'
Jordan,Irbid,Al Maydan
Jordan,Irbid,Al Nadif
Jordan,Irbid,Al Naser
Jordan,Irbid,Al Nuzha
Jordan,Irbid,Al Rahibat Al Wardiyeh
Jordan,Irbid,Al Rawdah
Jordan,Irbid,Al Sa'adah
Jordan,Irbid,Al Sahel Al Akhdar
Jordan,Irbid,Al Salam
Jordan,Irbid,Al Sareeh
Jordan,Irbid,Al Seha
Jordan,Irbid,Al Senaa'ah
Jordan,Irbid,Al Swaniyah
Jordan,Irbid,Al Worod
Jordan,Irbid,Al Yarmouk
Jordan,Irbid,Al Zahra'
Jordan,Irbid,Al-Mazar As-Shamaliyah
Jordan,Irbid,Alal
Jordan,Irbid,Bait Ras
Jordan,Irbid,Bani Obeid
Jordan,Irbid,Bayt Yafa
Jordan,Irbid,Bushra
Jordan,Irbid,Dayr Yusuf
Jordan,Irbid,Dayr as Si'nah
Jordan,Irbid,Eidoon
Jordan,Irbid,Habka
Jordan,Irbid,Hakama
Jordan,Irbid,Ham
Jordan,Irbid,Hanina
Jordan,Irbid,Huwwarah
Jordan,Irbid,Jadeed
Jordan,Irbid,Johfiyeh
Jordan,Irbid,King Abdullah II Gardens
Jordan,Irbid,Kofor Youba
Jordan,Irbid,Kufr Jayes
Jordan,Irbid,Maru
Jordan,Irbid,Mojamma' Amman Al Jadeed
Jordan,Irbid,Natifa
Jordan,Irbid,Qumaym
Jordan,Irbid,Sal
Jordan,Irbid,Smma
Jordan,Irbid,Sum
Jordan,Irbid,Taibah
Jordan,Irbid,University of Science and Technology
Jordan,Irbid,Zahar
Jordan,Madaba,Abu Obaida
Jordan,Madaba,Al Andalus
Jordan,Madaba,Al Fiha'a
Jordan,Madaba,Al Hamd
Jordan,Madaba,Al Hashimi
Jordan,Madaba,Al Jazira
Jordan,Madaba,Al Karameh
Jordan,Madaba,Al Kholafa'a
Jordan,Madaba,Al Mokhayam
Jordan,Madaba,Al Nasser
Jordan,Madaba,Al Nozzha
Jordan,Madaba,Al Sa'adeh
Jordan,Madaba,Al Shifa'a
Jordan,Madaba,Al Tanmiyah
Jordan,Madaba,Al Ulama'a
Jordan,Madaba,Al Zaytooneh
Jordan,Madaba,Al Zohor
Jordan,Madaba,American University
Jordan,Madaba,Andalucia
Jordan,Madaba,Bayt Al Maqdes
Jordan,Madaba,German University
Jordan,Madaba,Hanina
Jordan,Madaba,Husban & Um Al Basateen
Jordan,Madaba,Isra University
Jordan,Madaba,King's Academy
Jordan,Madaba,Mahammed Al Fateh
Jordan,Madaba,Manja
Jordan,Madaba,Mo'tah
Jordan,Madaba,Umm Rummanah
Jordan,Ramtha,Al-Hassan Industrial Estate
Jordan,Ramtha,Ramtha
Jordan,Salt,AL Aizarieh
Jordan,Salt,Al Ahlieh Uni
Jordan,Salt,Al Balqa Applied University
Jordan,Salt,Al Manshieh
Jordan,Salt,Al Midan
Jordan,Salt,Al Qala'a
Jordan,Salt,Al Salalem
Jordan,Salt,Al Salt
Jordan,Salt,Al Salt - Balad
Jordan,Salt,Al Saru
Jordan,Salt,Umm Joza
Jordan,Salt,Umm Kharoba
Jordan,Salt,Umm Njasa
Jordan,Salt,Wadi Al Akrad
Jordan,Salt,Wadi Al Halabi
Jordan,Salt,Wadi Al Hour
Jordan,Salt,Yarqa
Jordan,Zarqa,AL Dobat
Jordan,Zarqa,Abu Alia
Jordan,Zarqa,Al Ahmad
Jordan,Zarqa,Al Basatin
Jordan,Zarqa,Al Bustan
Jordan,Zarqa,Al Duwik
Jordan,Zarqa,Al Falah
Jordan,Zarqa,Al Hadiqa
Jordan,Zarqa,Al Hashemieh
Jordan,Zarqa,Al Hashmeyh Al Janobyieh
Jordan,Zarqa,Al Hashmi
Jordan,Zarqa,Al Herafien
Jordan,Zarqa,Al Jabir
Jordan,Zarqa,Al Juninah
Jordan,Zarqa,Al Madinah Al Monawarah
Jordan,Zarqa,Al Malik Talal
Jordan,Zarqa,Al Masan'
Jordan,Zarqa,Al Qamar
Jordan,Zarqa,Al Qasabat
Jordan,Zarqa,Al Shiokh
Jordan,Zarqa,Al Souq
Jordan,Zarqa,Al Tatweer Al Hadari
Jordan,Zarqa,Al Thawra Al Arabia Al Kubra
Jordan,Zarqa,Al Tla'a Al Shamali
Jordan,Zarqa,Al Zarqa Al Jadeedeh
Jordan,Zarqa,Al Zawahra
Jordan,Zarqa,Al ghweariyyeh
Jordan,Zarqa,Al mantika Al Hurra
Jordan,Zarqa,Awajan
Jordan,Zarqa,Barakh
Jordan,Zarqa,Dahiet Al Amera Haya
Jordan,Zarqa,Hay Al Ameer Mohammad
Jordan,Zarqa,Hay Al Hussain
Jordan,Zarqa,Hay Al Iskan
Jordan,Zarqa,Hay Al Jundi
Jordan,Zarqa,Hay Al Nuzha
Jordan,Zarqa,Hay Ma'soom
Jordan,Zarqa,Hay Ramzi
Jordan,Zarqa,Hay Shaker
Jordan,Zarqa,Ibn Sina
Jordan,Zarqa,Iskan Al Batrawi
Jordan,Zarqa,Jabal Al Abyad
Jordan,Zarqa,Jabal Al Ameer Hamza
Jordan,Zarqa,Jabal Al Ameer Hasan
Jordan,Zarqa,Jabal Al Amera Rahma
Jordan,Zarqa,Jabal Tareq
Jordan,Zarqa,Jana'a
Jordan,Zarqa,Madinet El Sharq
Jordan,Zarqa,Makka Al Mokarama
Jordan,Zarqa,Nasir
Jordan,Zarqa,Nassar
Jordan,Zarqa,Prince Mohammed Stadium
Jordan,Zarqa,Qortubah
Jordan,Zarqa,Russayfa
Jordan,Zarqa,Shomar
Jordan,Zarqa,The Hashemite University
Jordan,Zarqa,Um Baiadah
Jordan,Zarqa,Zarqa Private University
Kuwait,Ahmadi,Abdullah Al-Mubarak - West Jeleeb
Kuwait,Ahmadi,Abu Ftaira
Kuwait,Ahmadi,Abu Halifa
Kuwait,Ahmadi,Adan
Kuwait,Ahmadi,Al Masayel
Kuwait,Ahmadi,Al-Ahmadi
Kuwait,Ahmadi,Al-Julaia'a
Kuwait,Ahmadi,Al-Qurain
Kuwait,Ahmadi,Al-Qusour
Kuwait,Ahmadi,Ali Sabah Al-Salem - Umm Al Hayman
Kuwait,Ahmadi,Bnaider
Kuwait,Ahmadi,Dhaher
Kuwait,Ahmadi,Egaila
Kuwait,Ahmadi,Fahad Al Ahmed
Kuwait,Ahmadi,Fahaheel
Kuwait,Ahmadi,Fintas
Kuwait,Ahmadi,Fnaitess
Kuwait,Ahmadi,Hadiya
Kuwait,Ahmadi,Hitteen
Kuwait,Ahmadi,Jaber Al Ali
Kuwait,Ahmadi,Khairan
Kuwait,Ahmadi,Magwa
Kuwait,Ahmadi,Mahboula
Kuwait,Ahmadi,Mangaf
Kuwait,Ahmadi,Mina Abdullah
Kuwait,Ahmadi,Mishrif
Kuwait,Ahmadi,Mubarak Al-Kabir
Kuwait,Ahmadi,Nuwaiseeb
Kuwait,Ahmadi,Riqqa
Kuwait,Ahmadi,Rumaithiya
Kuwait,Ahmadi,Sabah AL Ahmad residential
Kuwait,Ahmadi,Sabah Al Ahmad 1
Kuwait,Ahmadi,Sabah Al Ahmad 2
Kuwait,Ahmadi,Sabah Al Ahmad 3
Kuwait,Ahmadi,Sabah Al Ahmad 4
Kuwait,Ahmadi,Sabah Al Ahmad 5
Kuwait,Ahmadi,Sabah Al Ahmad Marine City
Kuwait,Ahmadi,Sabah Al-Salem
Kuwait,Ahmadi,Sabahiya
Kuwait,Ahmadi,Shuaiba Port
Kuwait,Ahmadi,South Sabahiya
Kuwait,Ahmadi,Wafra farms
Kuwait,Ahmadi,Wafra residential
Kuwait,Ahmadi,Zour
Kuwait,Al Jahra,Abdullah Al-Mubarak - West Jeleeb
Kuwait,Al Jahra,Jaber Al Ahmad
Kuwait,Al Jahra,Jahra - Al Naeem
Kuwait,Al Jahra,Jahra - Amgarah Industrial
Kuwait,Al Jahra,Jahra - Jahra Area
Kuwait,Al Jahra,Jahra - Kabd
Kuwait,Al Jahra,Jahra - Nasseem
Kuwait,Al Jahra,Jahra - Oyoun
Kuwait,Al Jahra,Jahra - Qasr
Kuwait,Al Jahra,Jahra - Saad Al Abdullah
Kuwait,Al Jahra,Jahra - Sulaibiya
Kuwait,Al Jahra,Jahra - Sulaibiya Industrial 1
Kuwait,Al Jahra,Jahra - Sulaibiya Industrial 2
Kuwait,Al Jahra,Jahra - Sulaibiya Residential
Kuwait,Al Jahra,Jahra - Taima
Kuwait,Al Jahra,Jahra - Waha
Kuwait,Al Jahra,Jahra Qairawan - South Doha
Kuwait,Al Jahra,Rehab
Kuwait,Farwaniya,Abdullah Al-Mubarak - West Jeleeb
Kuwait,Farwaniya,Adailiya
Kuwait,Farwaniya,Airport
Kuwait,Farwaniya,Al Masayel
Kuwait,Farwaniya,Al-Qusour
Kuwait,Farwaniya,Andalous
Kuwait,Farwaniya,Ardhiya
Kuwait,Farwaniya,Ardhiya 4
Kuwait,Farwaniya,Ardiya Small Industrial
Kuwait,Farwaniya,Ardiya Storage Zone
Kuwait,Farwaniya,Ashbeliah
Kuwait,Farwaniya,Bayan
Kuwait,Farwaniya,Dhajeej
Kuwait,Farwaniya,Farwaniya
Kuwait,Farwaniya,Ferdous
Kuwait,Farwaniya,Jabriya
Kuwait,Farwaniya,Jahra - Qasr
Kuwait,Farwaniya,Jahra - Sulaibiya Residential
Kuwait,Farwaniya,Jeleeb Al-Shuyoukh
Kuwait,Farwaniya,Khaitan
Kuwait,Farwaniya,Kuwait Free Trade Zone
Kuwait,Farwaniya,Mahboula
Kuwait,Farwaniya,Mubarak Al-Kabir
Kuwait,Farwaniya,Nahda
Kuwait,Farwaniya,North West Sulaibikhat
Kuwait,Farwaniya,Omariya
Kuwait,Farwaniya,Qortuba
Kuwait,Farwaniya,Rabiya
Kuwait,Farwaniya,Rai
Kuwait,Farwaniya,Reggai
Kuwait,Farwaniya,Rehab
Kuwait,Farwaniya,Sabah Al-Nasser
Kuwait,Farwaniya,Salwa
Kuwait,Farwaniya,Sheikh Saad Al Abdullah Airport
Kuwait,Farwaniya,Shuwaikh Industrial 2
Kuwait,Farwaniya,Siddiq
Kuwait,Farwaniya,Surra
Kuwait,Farwaniya,West Abdullah Al Mubarak
Kuwait,Farwaniya,Yarmouk
Kuwait,Farwaniya,Zahra
Kuwait,Hawally,Abdullah Al-Salem
Kuwait,Hawally,Abu Ftaira
Kuwait,Hawally,Adan
Kuwait,Hawally,Al-Bedae
Kuwait,Hawally,Ali Sabah Al-Salem - Umm Al Hayman
Kuwait,Hawally,Andalous
Kuwait,Hawally,Ashbeliah
Kuwait,Hawally,Bayan
Kuwait,Hawally,Bneid Al Qar
Kuwait,Hawally,Farwaniya
Kuwait,Hawally,Fnaitess
Kuwait,Hawally,Hawally
Kuwait,Hawally,Hitteen
Kuwait,Hawally,Jabriya
Kuwait,Hawally,Kaifan
Kuwait,Hawally,Maidan Hawally
Kuwait,Hawally,Ministries Zone
Kuwait,Hawally,Mishrif
Kuwait,Hawally,Mubarak Al-Abdullah - West Mishref
Kuwait,Hawally,Mubarak Al-Kabir
Kuwait,Hawally,Qadsiya
Kuwait,Hawally,Qibla
Kuwait,Hawally,Rawda
Kuwait,Hawally,Rumaithiya
Kuwait,Hawally,Sabah Al-Salem
Kuwait,Hawally,Salam
Kuwait,Hawally,Salmiya
Kuwait,Hawally,Salwa
Kuwait,Hawally,Shaab
Kuwait,Hawally,Shuhada
Kuwait,Hawally,Siddiq
Kuwait,Hawally,Sulaibikhat
Kuwait,Hawally,Surra
Kuwait,Hawally,Yarmouk
Kuwait,Hawally,Zahra
Kuwait,Kuwait City (Capital),Abdullah Al-Salem
Kuwait,Kuwait City (Capital),Abu Ftaira
Kuwait,Kuwait City (Capital),Adailiya
Kuwait,Kuwait City (Capital),Al-Qurain
Kuwait,Kuwait City (Capital),Al-Qusour
Kuwait,Kuwait City (Capital),Andalous
Kuwait,Kuwait City (Capital),Ardhiya
Kuwait,Kuwait City (Capital),Ardiya Storage Zone
Kuwait,Kuwait City (Capital),Bayan
Kuwait,Kuwait City (Capital),Bneid Al Qar
Kuwait,Kuwait City (Capital),Daiya
Kuwait,Kuwait City (Capital),Dasma
Kuwait,Kuwait City (Capital),Dasman
Kuwait,Kuwait City (Capital),Doha
Kuwait,Kuwait City (Capital),Faiha
Kuwait,Kuwait City (Capital),Ferdous
Kuwait,Kuwait City (Capital),Ghornata
Kuwait,Kuwait City (Capital),Jaber Al Ahmad
Kuwait,Kuwait City (Capital),Jabriya
Kuwait,Kuwait City (Capital),Jahra - Nasseem
Kuwait,Kuwait City (Capital),Jahra - Saad Al Abdullah
Kuwait,Kuwait City (Capital),Jahra - Sulaibiya Residential
Kuwait,Kuwait City (Capital),Jahra - Taima
Kuwait,Kuwait City (Capital),Jahra Qairawan - South Doha
Kuwait,Kuwait City (Capital),Kaifan
Kuwait,Kuwait City (Capital),Khaitan
Kuwait,Kuwait City (Capital),Khaldiya
Kuwait,Kuwait City (Capital),Kuwait City
Kuwait,Kuwait City (Capital),Mahboula
Kuwait,Kuwait City (Capital),Maidan Hawally
Kuwait,Kuwait City (Capital),Mansouriya
Kuwait,Kuwait City (Capital),Mirqab
Kuwait,Kuwait City (Capital),Mishrif
Kuwait,Kuwait City (Capital),Mubarak Al-Kabir
Kuwait,Kuwait City (Capital),Mubarakiya Camps
Kuwait,Kuwait City (Capital),Nahda
Kuwait,Kuwait City (Capital),North West Sulaibikhat
Kuwait,Kuwait City (Capital),Nuzha
Kuwait,Kuwait City (Capital),Omariya
Kuwait,Kuwait City (Capital),Qadsiya
Kuwait,Kuwait City (Capital),Qibla
Kuwait,Kuwait City (Capital),Qortuba
Kuwait,Kuwait City (Capital),Rai
Kuwait,Kuwait City (Capital),Rawda
Kuwait,Kuwait City (Capital),Rehab
Kuwait,Kuwait City (Capital),Sabah Al-Nasser
Kuwait,Kuwait City (Capital),Sabah Al-Salem
Kuwait,Kuwait City (Capital),Sabahiya
Kuwait,Kuwait City (Capital),Salam
Kuwait,Kuwait City (Capital),Salhiya
Kuwait,Kuwait City (Capital),Salmiya
Kuwait,Kuwait City (Capital),Salwa
Kuwait,Kuwait City (Capital),Shaab
Kuwait,Kuwait City (Capital),Shamiya
Kuwait,Kuwait City (Capital),Sharq
Kuwait,Kuwait City (Capital),Shuhada
Kuwait,Kuwait City (Capital),Shuwaikh Administrative
Kuwait,Kuwait City (Capital),Shuwaikh Educational
Kuwait,Kuwait City (Capital),Shuwaikh Industrial 1
Kuwait,Kuwait City (Capital),Shuwaikh Industrial 2
Kuwait,Kuwait City (Capital),Shuwaikh Industrial 3
Kuwait,Kuwait City (Capital),Shuwaikh Medical
Kuwait,Kuwait City (Capital),Shuwaikh Residential
Kuwait,Kuwait City (Capital),Siddiq
Kuwait,Kuwait City (Capital),Sulaibikhat
Kuwait,Kuwait City (Capital),Surra
Kuwait,Kuwait City (Capital),Yarmouk
Kuwait,Kuwait City (Capital),Zahra
Kuwait,Mubarak Al-kabir,Abu Ftaira
Kuwait,Mubarak Al-kabir,Abu Halifa
Kuwait,Mubarak Al-kabir,Abu Hasaniya
Kuwait,Mubarak Al-kabir,Adan
Kuwait,Mubarak Al-kabir,Al Masayel
Kuwait,Mubarak Al-kabir,Al-Qurain
Kuwait,Mubarak Al-kabir,Al-Qusour
Kuwait,Mubarak Al-kabir,Ashbeliah
Kuwait,Mubarak Al-kabir,Dhaher
Kuwait,Mubarak Al-kabir,Egaila
Kuwait,Mubarak Al-kabir,Fahad Al Ahmed
Kuwait,Mubarak Al-kabir,Fintas
Kuwait,Mubarak Al-kabir,Fnaitess
Kuwait,Mubarak Al-kabir,Hadiya
Kuwait,Mubarak Al-kabir,Jaber Al Ali
Kuwait,Mubarak Al-kabir,Messila
Kuwait,Mubarak Al-kabir,Mubarak Al-Kabir
Kuwait,Mubarak Al-kabir,Murouj
Kuwait,Mubarak Al-kabir,Nuzha
Kuwait,Mubarak Al-kabir,Riqqa
Kuwait,Mubarak Al-kabir,Rumaithiya
Kuwait,Mubarak Al-kabir,Sabah Al-Salem
Kuwait,Mubarak Al-kabir,Sabahiya
Kuwait,Mubarak Al-kabir,Sabhan Industrial
Kuwait,Mubarak Al-kabir,Siddiq
Kuwait,Mubarak Al-kabir,South Wista
Kuwait,Mubarak Al-kabir,West Abu Fetera Small Indust
Kuwait,Mubarak Al-kabir,Wista
Oman,Al Suwayq,Al Afrad
Oman,Al Suwayq,Al Bidah
Oman,Al Suwayq,Al Hadib
Oman,Al Suwayq,Al Nubra
Oman,Al Suwayq,Al Tarif
Oman,Al Suwayq,As Subaykhi
Oman,Al Suwayq,Ash Shatir
Oman,Al Suwayq,Bath'A Hilal
Oman,Al Suwayq,Hilat Al Jood
Oman,Al Suwayq,Khabbat ul Khamis
Oman,Al Suwayq,Khabbat un Nawafil
Oman,Al Suwayq,Tawi Bedi Guish
Oman,Al Suwayq,Tharmad Suwayq
Oman,Amerat,Al Hajar
Oman,Amerat,Amarat Phase 1
Oman,Amerat,Amarat Phase 2
Oman,Amerat,Amarat Phase 3
Oman,Amerat,Amarat Phase 4
Oman,Amerat,Amarat Phase 5
Oman,Amerat,Amerat
Oman,Amerat,Amirat 6
Oman,Amerat,Mahaj
Oman,Barka,Abu Al Nakheel
Oman,Barka,Al Basit
Oman,Barka,Al Maragh
Oman,Barka,Al Tharamid
Oman,Barka,Ar Rumays
Oman,Barka,Halban
Oman,Barka,Haradi
Oman,Barka,Hay Al Salam
Oman,Barka,Hayy Asim
Oman,Barka,Muraysi
Oman,Barka,Samhan
Oman,Bosher,Al Ansab
Oman,Bosher,Al Azaiba South
Oman,Bosher,Al Ghubra Ash Shamaliyyah
Oman,Bosher,Al Khuwayr North
Oman,Bosher,Al Khuwayr South
Oman,Bosher,Al Mawalih North
Oman,Bosher,Al Qurm 18
Oman,Bosher,Azaiba
Oman,Bosher,Bawshar
Oman,Bosher,Bawsher Heights
Oman,Bosher,Falaj Al Sham
Oman,Bosher,Ghala
Oman,Bosher,Ghala Industrial Estate
Oman,Bosher,Ghubrah Janubiyyah
Oman,Bosher,Hay Al Sarooj
Oman,Bosher,Khuwair 33
Oman,Bosher,Madinat Al Ilam
Oman,Bosher,Madinat Al Sultan Qaboos
Oman,Bosher,Mina al Fahal
Oman,Bosher,Muscat Hills
Oman,Bosher,Qurm
Oman,Bosher,Qurm 29
Oman,Bosher,Rabia Qurum
Oman,Bosher,Shati Al Qurm
Oman,Bosher,Wattiyah
Oman,Bosher,bowshar Falaj
Oman,Buraimi,Al Gherifa
Oman,Buraimi,Al Helie
Oman,Buraimi,Ard ElGaw
Oman,Buraimi,Buraimi Industrial
Oman,Buraimi,Buraimi University
Oman,Buraimi,Hamasa Shaabiyah
Oman,Buraimi,Khadrah Al Sieh (New)
Oman,Buraimi,Khadrah Qadema (Old)
Oman,Buraimi,Mazara Al Aqda
Oman,Buraimi,Saraa
Oman,Ibra,Al Ghayl
Oman,Ibra,Masjid Al Sha'abiya Ibra Area
Oman,Ibra,Masjid AlSaiyah Area
Oman,Ibri,Al Araqi
Oman,Ibri,Ar Rayibah
Oman,Ibri,As Sulaif
Oman,Ibri,Hijjar
Oman,Ibri,Ibri Hospital
Oman,Ibri,Ibri Souq
Oman,Muscat,Barr al Jissah
Oman,Muscat,Helet El Sad
Oman,Muscat,Khuwair 33
Oman,Muscat,Qantab
Oman,Muscat,Seefah
Oman,Muttrah,Al Bustan
Oman,Muttrah,Bait al falaj
Oman,Muttrah,CBD
Oman,Muttrah,Darsait
Oman,Muttrah,Hamriya
Oman,Muttrah,Jibrooh
Oman,Muttrah,MBD
Oman,Muttrah,Muttrah
Oman,Muttrah,Old Muscat
Oman,Muttrah,Riyam
Oman,Muttrah,Ruwi
Oman,Muttrah,Sidab
Oman,Muttrah,Wadi Aday
Oman,Muttrah,Wadi Al Kabir
Oman,Nizwa,Al Aswaq
Oman,Nizwa,Bahla
Oman,Nizwa,Birkat Al Mooz
Oman,Nizwa,Falaj Al Daris
Oman,Nizwa,Firq
Oman,Nizwa,Hay Al Turath North
Oman,Nizwa,Hay Al Turath South
Oman,Nizwa,Karsha
Oman,Nizwa,Karshaa Senaeya (Industrial Area)
Oman,Nizwa,Manah
Oman,Nizwa,Marfa Dares
Oman,Nizwa,Nizwa Suq
Oman,Nizwa,Radet Al Bosaidi
Oman,Rustaq,Al Ghashub
Oman,Rustaq,Al Hazm
Oman,Rustaq,Al Misfah
Oman,Rustaq,Al Wishayl
Oman,Rustaq,Rustaq
Oman,Rustaq,Rustaq Industrial
Oman,Rustaq,Rustaq Police station area
Oman,Salalah,Al Awqadayn
Oman,Salalah,Al Balid
Oman,Salalah,Al Hafa
Oman,Salalah,Al Hasila
Oman,Salalah,Al Hisn
Oman,Salalah,Al Jadidah
Oman,Salalah,Al Karath
Oman,Salalah,Al Qawf
Oman,Salalah,Al Wadi
Oman,Salalah,Ar Rubat
Oman,Salalah,Awqad Al Janubiyyah
Oman,Salalah,Awqad Ash Shamaliyah
Oman,Salalah,Az Zawiyah
Oman,Salalah,East Salalah
Oman,Salalah,Hail North
Oman,Salalah,Hawana
Oman,Salalah,Ittin
Oman,Salalah,Janub Ad Dahariz
Oman,Salalah,Janub Madinat As Saad
Oman,Salalah,Jarziz
Oman,Salalah,MIDDLE TAQA
Oman,Salalah,NORTH TAQA
Oman,Salalah,Raysut
Oman,Salalah,Sahnawt Al Janubiyyah
Oman,Salalah,Salalah Airport (New)
Oman,Salalah,Salalah Gharbiya
Oman,Salalah,Salalah Industrial
Oman,Salalah,Salalah Wosta
Oman,Salalah,Shamal Ad Dahariz
Oman,Salalah,Shamal Madinat As Saadah
Oman,Salalah,Sudh
Oman,Salalah,WEST TAQAH
Oman,Seeb,Airport Heights
Oman,Seeb,Al Koudh
Oman,Seeb,Al Koudh 6
Oman,Seeb,Al Mawalih North
Oman,Seeb,Al Mawalih South
Oman,Seeb,Al Murtafaah
Oman,Seeb,Hail North
Oman,Seeb,Hail South
Oman,Seeb,Knowledge Oasis Muscat
Oman,Seeb,Maabela North
Oman,Seeb,Maabela South
Oman,Seeb,Muscat Hills
Oman,Seeb,New Airport
Oman,Seeb,Rusayl
Oman,Seeb,Seeb
Oman,Seeb,Sultan Qaboos University
Oman,Seeb,Suq al Seeb
Oman,Seeb,The Wave
Oman,Sohar,Abu Al Dharoos
Oman,Sohar,Ad Dawanij
Oman,Sohar,Afifa
Oman,Sohar,Al Fatik
Oman,Sohar,Al Ghaweesah
Oman,Sohar,Al Ghushbah
Oman,Sohar,Al Hadhirah
Oman,Sohar,Al Hambar
Oman,Sohar,Al Haweel
Oman,Sohar,Al Hujrah
Oman,Sohar,Al Jufra
Oman,Sohar,Al Khuwayriyyah
Oman,Sohar,Al Multaqa
Oman,Sohar,Al Qasheea
Oman,Sohar,Al Raddah
Oman,Sohar,Al Uwaynat
Oman,Sohar,Al Zafraan
Oman,Sohar,As Saham
Oman,Sohar,As Sanqar
Oman,Sohar,As Suwayhrah
Oman,Sohar,At Turayf
Oman,Sohar,Awtab
Oman,Sohar,Az Zahiyah
Oman,Sohar,Falaj Al Awhi
Oman,Sohar,Falaj Al Qabail
Oman,Sohar,Ghail Al Shbool
Oman,Sohar,Harat Ash Shaykh
Oman,Sohar,Karwan
Oman,Sohar,Khawr Al Siyabi
Oman,Sohar,Khwar Al Hulu
Oman,Sohar,Liwa
Oman,Sohar,Majis
Oman,Sohar,Mekhelyif
Oman,Sohar,Mina Sohar (Sohar Port)
Oman,Sohar,Murtafaat Saham
Oman,Sohar,Sallan
Oman,Sohar,Sohar Sanaiyah
Oman,Sohar,Sur Al Shiadi
Oman,Sohar,UMQ
Oman,Sur,Al Ayjah
Oman,Sur,Al Barr
Oman,Sur,Al Husainiyah
Oman,Sur,Al Janah
Oman,Sur,Ar Rashah
Oman,Sur,Ar Rusagh
Oman,Sur,As Ashriya
Oman,Sur,As Sat
Oman,Sur,Ash Shaabiyah
Oman,Sur,Billad Suq
Oman,Sur,Ghubaynah
Oman,Sur,Harat Al Aqbah
Oman,Sur,Harat Al Balush
Oman,Sur,Hayy AShurooq
Oman,Sur,Hillat Al Kahraba
Oman,Sur,Jabal Al Eid
Oman,Sur,Makha
Oman,Sur,Murtafa
Oman,Sur,Nimah
Oman,Sur,Nismah
Oman,Sur,Suq
Qatar,Doha,Abu Hamour
Qatar,Doha,Abu Sidra
Qatar,Doha,Ain Khaled
Qatar,Doha,Airport Area - HIA
Qatar,Doha,Al Asiri
Qatar,Doha,Al Aziziya
Qatar,Doha,Al Bidda
Qatar,Doha,Al Daayen
Qatar,Doha,Al Dafna
Qatar,Doha,Al Doha Al Jadeeda
Qatar,Doha,Al Duhail
Qatar,Doha,Al Duhail North
Qatar,Doha,Al Duhail South
Qatar,Doha,Al Ebaib
Qatar,Doha,Al Ebb
Qatar,Doha,Al Egla
Qatar,Doha,Al Gharrafa
Qatar,Doha,Al Hilal East
Qatar,Doha,Al Hilal West
Qatar,Doha,Al Jasra
Qatar,Doha,Al Jebailat
Qatar,Doha,Al Jelaiah
Qatar,Doha,Al Jerian
Qatar,Doha,Al Karaana
Qatar,Doha,Al Kharaitiyat
Qatar,Doha,Al Kharayej
Qatar,Doha,Al Khessa
Qatar,Doha,Al Khor
Qatar,Doha,Al Khuwair
Qatar,Doha,Al Luqta
Qatar,Doha,Al Maamoura
Qatar,Doha,Al Manaseer
Qatar,Doha,Al Mansoura
Qatar,Doha,Al Markhiya
Qatar,Doha,Al Mashaf
Qatar,Doha,Al Mearad
Qatar,Doha,Al Messila
Qatar,Doha,Al Mirqab
Qatar,Doha,Al Mirqab Al Jadeed
Qatar,Doha,Al Muntazah
Qatar,Doha,Al Murra
Qatar,Doha,Al Murra East
Qatar,Doha,Al Murra West
Qatar,Doha,Al Najada
Qatar,Doha,Al Nasiriya
Qatar,Doha,Al Nasr
Qatar,Doha,Al Nasraniya
Qatar,Doha,Al Nuaija
Qatar,Doha,Al Qassar
Qatar,Doha,Al Rufaa
Qatar,Doha,Al Rumaila
Qatar,Doha,Al Ruwais
Qatar,Doha,Al Sadd
Qatar,Doha,Al Sailiya
Qatar,Doha,Al Sakhama
Qatar,Doha,Al Shamal
Qatar,Doha,Al Sheehaniya
Qatar,Doha,Al Soudan
Qatar,Doha,Al Souq
Qatar,Doha,Al Thakhira
Qatar,Doha,Al Thumama
Qatar,Doha,Al Waab
Qatar,Doha,Al Wajba
Qatar,Doha,Al Wakrah
Qatar,Doha,Al Wukair
Qatar,Doha,Baaya
Qatar,Doha,Bani Hajar
Qatar,Doha,Baraht Al Jufairi
Qatar,Doha,Barwa City
Qatar,Doha,Barwa Village
Qatar,Doha,Bin Mahmoud
Qatar,Doha,Bin Omran
Qatar,Doha,Bu Nakhla
Qatar,Doha,DFI Drive-in
Qatar,Doha,Dahl Al Hamam
Qatar,Doha,Doha Port
Qatar,Doha,Dukhan
Qatar,Doha,Education City - Qatar Foundation
Qatar,Doha,Fereej Abdul Aziz
Qatar,Doha,Fereej Al Ali
Qatar,Doha,Fereej Al Ameer
Qatar,Doha,Fereej Bin Dirham
Qatar,Doha,Fereej Kulaib
Qatar,Doha,Hamad
Qatar,Doha,Hamad Medical City
Qatar,Doha,Hazm Al Markhiya
Qatar,Doha,Industrial Area
Qatar,Doha,Izghawa
Qatar,Doha,Jabal Thuaileb
Qatar,Doha,Jeryan Najaima
Qatar,Doha,Land Mark Area
Qatar,Doha,Legtaifiya - West Bay Lagoon
Qatar,Doha,Luaib
Qatar,Doha,Lusail
Qatar,Doha,Madinat Khalifa North
Qatar,Doha,Madinat Khalifa South
Qatar,Doha,Mehairja
Qatar,Doha,Mesaieed
Qatar,Doha,Mesaieed Industrial Area
Qatar,Doha,Mesaimeer
Qatar,Doha,Muaither
Qatar,Doha,Muaither North
Qatar,Doha,Muaither South
Qatar,Doha,Muraikh
Qatar,Doha,Musheireb
Qatar,Doha,Najma
Qatar,Doha,New Al Ghanim
Qatar,Doha,New Al Hitmi
Qatar,Doha,New Al Khulaifat
Qatar,Doha,New Al Rayyan
Qatar,Doha,New Salata
Qatar,Doha,Old Airport
Qatar,Doha,Old Al Ghanim
Qatar,Doha,Old Al Hitmi
Qatar,Doha,Old Al Rayyan
Qatar,Doha,Old Salata
Qatar,Doha,Onaiza
Qatar,Doha,Pearl Qatar
Qatar,Doha,Qatar University
Qatar,Doha,Ras Abu Abboud
Qatar,Doha,Ras Abu Fontas
Qatar,Doha,Rass Laffan
Qatar,Doha,Rawdat Al Hamam
Qatar,Doha,Rawdat Al Khail
Qatar,Doha,Shagra
Qatar,Doha,Simaisma
Qatar,Doha,TinBak
Qatar,Doha,Umm Al Amad
Qatar,Doha,Umm Al Seneem
Qatar,Doha,Umm Garn
Qatar,Doha,Umm Ghuwailina
Qatar,Doha,Umm Lekhba
Qatar,Doha,Umm Obayeria
Qatar,Doha,Umm Salal Ali
Qatar,Doha,Umm Salal Mohammed
Qatar,Doha,Wadi Al Banat
Qatar,Doha,Wadi Al Sail
Qatar,Doha,Wadi Lusail
Qatar,Doha,West Bay
Saudi Arabia,Abha,Shamasan
Saudi Arabia,Al Hofuf,Al Omairiyah
Saudi Arabia,Al Jubail,Mutrafiyah
Saudi Arabia,Al Madinah Al Munawwarah,Al Ranuna
Saudi Arabia,Buraydah,An Nazyah
Saudi Arabia,Dammam,Al Amamrah
Saudi Arabia,Dammam,Al Badiyah
Saudi Arabia,Dammam,Al Etisalat
Saudi Arabia,Dammam,Al Manar
Saudi Arabia,Dammam,Al Nahdah
Saudi Arabia,Dammam,Madinat Al Ummal
Saudi Arabia,Hautat Sudair,
Saudi Arabia,Jeddah,Al Baghdadiyah Al Sharqiyah
Saudi Arabia,Jeddah,Al Balad
Saudi Arabia,Jeddah,Al Bawadi
Saudi Arabia,Jeddah,Al Hamraa
Saudi Arabia,Jeddah,Al Ruwais
Saudi Arabia,Khobar,Al Hizam Al Akhdar
Saudi Arabia,Khobar,Al Thuqbah
Saudi Arabia,Khobar,Al Ulaya
Saudi Arabia,Mecca,Al Hajlah
Saudi Arabia,Mecca,Al Masfalah
Saudi Arabia,Riyadh,Al Aqiq
Saudi Arabia,Riyadh,Al Falah
Saudi Arabia,Riyadh,Al Izdihar
Saudi Arabia,Riyadh,Al Malaz
Saudi Arabia,Riyadh,Al Masiaf
Saudi Arabia,Riyadh,Al Olaya
Saudi Arabia,Riyadh,Al Sulaymanaya
Saudi Arabia,Riyadh,Dhahrat Laban
Saudi Arabia,Riyadh,King Fahd
Saudi Arabia,Riyadh,Salah Al Din
Saudi Arabia,Riyadh,al shuhada
Saudi Arabia,Tabuk,Al Muruj
Saudi Arabia,Yanbu,Yanbu
United Arab Emirates,Abu Dhabi,Abu Dhabi Gate City
United Arab Emirates,Abu Dhabi,Abu Dhabi Hills
United Arab Emirates,Abu Dhabi,Abu Dhabi International Airport
United Arab Emirates,Abu Dhabi,Al Adla
United Arab Emirates,Abu Dhabi,Al Aman
United Arab Emirates,Abu Dhabi,Al Bahya
United Arab Emirates,Abu Dhabi,Al Bandar (Al Raha)
United Arab Emirates,Abu Dhabi,Al Dafrah
United Arab Emirates,Abu Dhabi,Al Etihad
United Arab Emirates,Abu Dhabi,Al Falah City
United Arab Emirates,Abu Dhabi,Al Forsan Village
United Arab Emirates,Abu Dhabi,Al Gurum Resort
United Arab Emirates,Abu Dhabi,Al Hosn
United Arab Emirates,Abu Dhabi,Al Karamah
United Arab Emirates,Abu Dhabi,Al Khabisi
United Arab Emirates,Abu Dhabi,Al Khalidiyah
United Arab Emirates,Abu Dhabi,Al Khubeirah
United Arab Emirates,Abu Dhabi,Al Mafraq
United Arab Emirates,Abu Dhabi,Al Manhal
United Arab Emirates,Abu Dhabi,Al Maqta
United Arab Emirates,Abu Dhabi,Al Markaziyah
United Arab Emirates,Abu Dhabi,Al Markaziyah West
United Arab Emirates,Abu Dhabi,Al Maryah Island
United Arab Emirates,Abu Dhabi,Al Mina
United Arab Emirates,Abu Dhabi,Al Muneera (Al Raha)
United Arab Emirates,Abu Dhabi,Al Muntazah
United Arab Emirates,Abu Dhabi,Al Musalla
United Arab Emirates,Abu Dhabi,Al Mushrif
United Arab Emirates,Abu Dhabi,Al Muzoon
United Arab Emirates,Abu Dhabi,Al Nahyan
United Arab Emirates,Abu Dhabi,Al Raha
United Arab Emirates,Abu Dhabi,Al Rahba
United Arab Emirates,Abu Dhabi,Al Ras Al Akhdar
United Arab Emirates,Abu Dhabi,Al Rayyana
United Arab Emirates,Abu Dhabi,Al Reef
United Arab Emirates,Abu Dhabi,Al Rowdah
United Arab Emirates,Abu Dhabi,Al Ruwais
United Arab Emirates,Abu Dhabi,Al Sader
United Arab Emirates,Abu Dhabi,Al Safarrat
United Arab Emirates,Abu Dhabi,Al Samha
United Arab Emirates,Abu Dhabi,Al Sarooj
United Arab Emirates,Abu Dhabi,Al Shaleela
United Arab Emirates,Abu Dhabi,Al Shamkha
United Arab Emirates,Abu Dhabi,Al Shawamekh
United Arab Emirates,Abu Dhabi,Al Taawun
United Arab Emirates,Abu Dhabi,Al Wahdah
United Arab Emirates,Abu Dhabi,Al Wathba
United Arab Emirates,Abu Dhabi,Al Zaab
United Arab Emirates,Abu Dhabi,Al Zafranah
United Arab Emirates,Abu Dhabi,Al Zahraa
United Arab Emirates,Abu Dhabi,Al Zeina (Al Raha)
United Arab Emirates,Abu Dhabi,Bani Yas East
United Arab Emirates,Abu Dhabi,Bani Yas West
United Arab Emirates,Abu Dhabi,BreakWater
United Arab Emirates,Abu Dhabi,Capital Centre
United Arab Emirates,Abu Dhabi,Golf Gardens
United Arab Emirates,Abu Dhabi,Hydra Village (Shahama)
United Arab Emirates,Abu Dhabi,ICAD
United Arab Emirates,Abu Dhabi,Khor Al Bateen
United Arab Emirates,Abu Dhabi,Madinat Al Riyad
United Arab Emirates,Abu Dhabi,Madinat Khalifa - A
United Arab Emirates,Abu Dhabi,Madinat Khalifa - B
United Arab Emirates,Abu Dhabi,Madinat Khalifa - C
United Arab Emirates,Abu Dhabi,Madinat Zayed
United Arab Emirates,Abu Dhabi,Mahwi
United Arab Emirates,Abu Dhabi,Masdar City
United Arab Emirates,Abu Dhabi,Mohammed Bin Zayed City
United Arab Emirates,Abu Dhabi,Mussafah
United Arab Emirates,Abu Dhabi,New Shahama
United Arab Emirates,Abu Dhabi,Old Bahya
United Arab Emirates,Abu Dhabi,Port Zayed (Al Mina)
United Arab Emirates,Abu Dhabi,Qasr El Bahr
United Arab Emirates,Abu Dhabi,Qasr El Shatie
United Arab Emirates,Abu Dhabi,Reem Island
United Arab Emirates,Abu Dhabi,Saadiyat Island
United Arab Emirates,Abu Dhabi,Sas Al Nakheel (Khalifa- A)
United Arab Emirates,Abu Dhabi,Sas Al Nakhl Island
United Arab Emirates,Abu Dhabi,Shahama
United Arab Emirates,Abu Dhabi,Shakhbout City
United Arab Emirates,Abu Dhabi,Tourist Club Area (Al Zahiya)
United Arab Emirates,Abu Dhabi,Yas Island
United Arab Emirates,Abu Dhabi,Zayed City (Western Region)
United Arab Emirates,Abu Dhabi,Zayed Sports City
United Arab Emirates,Ajman,Ajman City Center
United Arab Emirates,Ajman,Ajman Corniche
United Arab Emirates,Ajman,Ajman Free Zone
United Arab Emirates,Ajman,Ajman Industrial Area 1
United Arab Emirates,Ajman,Ajman Industrial Area 2
United Arab Emirates,Ajman,Ajman Pearl
United Arab Emirates,Ajman,Ajman University
United Arab Emirates,Ajman,Al Alia
United Arab Emirates,Ajman,Al Azra
United Arab Emirates,Ajman,Al Bustan
United Arab Emirates,Ajman,Al Butain
United Arab Emirates,Ajman,Al Hamidiya
United Arab Emirates,Ajman,Al Hamidiya 1
United Arab Emirates,Ajman,Al Hamidiya 2
United Arab Emirates,Ajman,Al Hamriyah
United Arab Emirates,Ajman,Al Hamriyah Free Zone
United Arab Emirates,Ajman,Al Heliow 1
United Arab Emirates,Ajman,Al Heliow 2
United Arab Emirates,Ajman,Al Jurf 1
United Arab Emirates,Ajman,Al Jurf 2
United Arab Emirates,Ajman,Al Jurf Industrial Area 1
United Arab Emirates,Ajman,Al Jurf Industrial Area 2
United Arab Emirates,Ajman,Al Jurf Industrial Area 3
United Arab Emirates,Ajman,Al Muntazi 1
United Arab Emirates,Ajman,Al Muntazi 2
United Arab Emirates,Ajman,Al Mushairef
United Arab Emirates,Ajman,Al Mwaihat 1
United Arab Emirates,Ajman,Al Mwaihat 2
United Arab Emirates,Ajman,Al Mwaihat 3
United Arab Emirates,Ajman,Al Nakhil
United Arab Emirates,Ajman,Al Nakhil 1
United Arab Emirates,Ajman,Al Nakhil 2
United Arab Emirates,Ajman,Al Nuaimia 1
United Arab Emirates,Ajman,Al Nuaimia 2
United Arab Emirates,Ajman,Al Raqaib 1
United Arab Emirates,Ajman,Al Raqaib 2
United Arab Emirates,Ajman,Al Rashidiya 1
United Arab Emirates,Ajman,Al Rashidiya 2
United Arab Emirates,Ajman,Al Rashidiya 3
United Arab Emirates,Ajman,Al Rawda 1 Al Zahraa
United Arab Emirates,Ajman,Al Rawda 2 Al Zahraa
United Arab Emirates,Ajman,Al Rawda 3 Al Zahraa
United Arab Emirates,Ajman,Al Rumailah
United Arab Emirates,Ajman,Al Tallah 1
United Arab Emirates,Ajman,Al Tallah 2
United Arab Emirates,Ajman,Al Yarmook
United Arab Emirates,Ajman,Al Yasmeen
United Arab Emirates,Ajman,Al Zahra
United Arab Emirates,Ajman,Al Zahya
United Arab Emirates,Ajman,Al Zora
United Arab Emirates,Ajman,Al Zorah
United Arab Emirates,Ajman,Emirates City
United Arab Emirates,Ajman,Garden City
United Arab Emirates,Ajman,Ittihad Village
United Arab Emirates,Ajman,Masfout
United Arab Emirates,Ajman,New Shahama
United Arab Emirates,Al Ain,Abu Samrah
United Arab Emirates,Al Ain,Al Agabiyya
United Arab Emirates,Al Ain,Al Ain International Airport
United Arab Emirates,Al Ain,Al Ain Zoo
United Arab Emirates,Al Ain,Al Ameriya
United Arab Emirates,Al Ain,Al Bateen
United Arab Emirates,Al Ain,Al Dhahir
United Arab Emirates,Al Ain,Al Foaa
United Arab Emirates,Al Ain,Al Hili
United Arab Emirates,Al Ain,Al Hiyar
United Arab Emirates,Al Ain,Al Jahili
United Arab Emirates,Al Ain,Al Jimi
United Arab Emirates,Al Ain,Al Khabisi
United Arab Emirates,Al Ain,Al Kuwaitat
United Arab Emirates,Al Ain,Al Manasir
United Arab Emirates,Al Ain,Al Maqam
United Arab Emirates,Al Ain,Al Marakhaniya
United Arab Emirates,Al Ain,Al Masoudi
United Arab Emirates,Al Ain,Al Murabaa
United Arab Emirates,Al Ain,Al Muraijeb
United Arab Emirates,Al Ain,Al Mutarad
United Arab Emirates,Al Ain,Al Mutawaa
United Arab Emirates,Al Ain,Al Muwaiji
United Arab Emirates,Al Ain,Al Nabagh
United Arab Emirates,Al Ain,Al Neyadat
United Arab Emirates,Al Ain,Al Qattara
United Arab Emirates,Al Ain,Al Sad
United Arab Emirates,Al Ain,Al Salamat District
United Arab Emirates,Al Ain,Al Sarooj
United Arab Emirates,Al Ain,Al Towayya
United Arab Emirates,Al Ain,Al Yahar
United Arab Emirates,Al Ain,Alain Al Fiyada
United Arab Emirates,Al Ain,Asharej
United Arab Emirates,Al Ain,Bedda Bn Ammar
United Arab Emirates,Al Ain,Falaj Hazzaa
United Arab Emirates,Al Ain,Industrial Area
United Arab Emirates,Al Ain,Khatim Al Shikla
United Arab Emirates,Al Ain,Mezyed
United Arab Emirates,Al Ain,Mohammed Bin Zayed City
United Arab Emirates,Al Ain,Mubzara
United Arab Emirates,Al Ain,Neima
United Arab Emirates,Al Ain,Remah
United Arab Emirates,Al Ain,Tawam
United Arab Emirates,Al Ain,UAE University
United Arab Emirates,Al Ain,Um Ghaffa
United Arab Emirates,Al Ain,Zakher
United Arab Emirates,Dubai,Abu Dhabi Gate City
United Arab Emirates,Dubai,Abu Hail
United Arab Emirates,Dubai,Academic City
United Arab Emirates,Dubai,Al Awir
United Arab Emirates,Dubai,Al Bada'a
United Arab Emirates,Dubai,Al Baraha
United Arab Emirates,Dubai,Al Barari
United Arab Emirates,Dubai,Al Barsha 1
United Arab Emirates,Dubai,Al Barsha 2
United Arab Emirates,Dubai,Al Barsha 3
United Arab Emirates,Dubai,Al Barsha South
United Arab Emirates,Dubai,Al Dhagaya
United Arab Emirates,Dubai,Al Furjan
United Arab Emirates,Dubai,Al Garhoud
United Arab Emirates,Dubai,Al Gharayen
United Arab Emirates,Dubai,Al Hamriya
United Arab Emirates,Dubai,Al Hudaiba
United Arab Emirates,Dubai,Al Jaddaf
United Arab Emirates,Dubai,Al Jaffiliya
United Arab Emirates,Dubai,Al Karama
United Arab Emirates,Dubai,Al Khabaisi
United Arab Emirates,Dubai,Al Khan
United Arab Emirates,Dubai,Al Khawaneej 1
United Arab Emirates,Dubai,Al Khawaneej 2
United Arab Emirates,Dubai,Al Mamzar
United Arab Emirates,Dubai,Al Manara
United Arab Emirates,Dubai,Al Mankhool
United Arab Emirates,Dubai,Al Mina
United Arab Emirates,Dubai,Al Mizhar 1
United Arab Emirates,Dubai,Al Mizhar 2
United Arab Emirates,Dubai,Al Muraqqabat
United Arab Emirates,Dubai,Al Murar
United Arab Emirates,Dubai,Al Mushairef
United Arab Emirates,Dubai,Al Mushrif
United Arab Emirates,Dubai,Al Muteena
United Arab Emirates,Dubai,Al Muwaiji
United Arab Emirates,Dubai,Al Nahda 1
United Arab Emirates,Dubai,Al Nahda 2
United Arab Emirates,Dubai,Al Nahyan
United Arab Emirates,Dubai,Al Nakhil 1
United Arab Emirates,Dubai,Al Nakhil 2
United Arab Emirates,Dubai,Al Quoz 1
United Arab Emirates,Dubai,Al Quoz 2
United Arab Emirates,Dubai,Al Quoz 3
United Arab Emirates,Dubai,Al Quoz 4
United Arab Emirates,Dubai,Al Quoz Industrial Area 1
United Arab Emirates,Dubai,Al Quoz Industrial Area 2
United Arab Emirates,Dubai,Al Quoz Industrial Area 3
United Arab Emirates,Dubai,Al Quoz Industrial Area 4
United Arab Emirates,Dubai,Al Qusais 1
United Arab Emirates,Dubai,Al Qusais 2
United Arab Emirates,Dubai,Al Qusais 3
United Arab Emirates,Dubai,Al Qusais Industrial Area 1
United Arab Emirates,Dubai,Al Qusais Industrial Area 2
United Arab Emirates,Dubai,Al Qusais Industrial Area 3
United Arab Emirates,Dubai,Al Qusais Industrial Area 4
United Arab Emirates,Dubai,Al Qusais Industrial Area 5
United Arab Emirates,Dubai,Al Raffa
United Arab Emirates,Dubai,Al Rahmania
United Arab Emirates,Dubai,Al Ras
United Arab Emirates,Dubai,Al Rashidiya
United Arab Emirates,Dubai,Al Rigga
United Arab Emirates,Dubai,Al Sabkha
United Arab Emirates,Dubai,Al Safa
United Arab Emirates,Dubai,Al Safa 2
United Arab Emirates,Dubai,Al Satwa
United Arab Emirates,Dubai,Al Shindagha
United Arab Emirates,Dubai,Al Souq Al Kabeer
United Arab Emirates,Dubai,Al Sufouh 1
United Arab Emirates,Dubai,Al Sufouh 2
United Arab Emirates,Dubai,Al Taawun
United Arab Emirates,Dubai,Al Twar 1
United Arab Emirates,Dubai,Al Twar 2
United Arab Emirates,Dubai,Al Twar 3
United Arab Emirates,Dubai,Al Waha Community
United Arab Emirates,Dubai,Al Waheda
United Arab Emirates,Dubai,Al Warqa 1
United Arab Emirates,Dubai,Al Warqa 2
United Arab Emirates,Dubai,Al Warqa 3
United Arab Emirates,Dubai,Al Warqa 4
United Arab Emirates,Dubai,Al Warqa 5
United Arab Emirates,Dubai,Al Wasl
United Arab Emirates,Dubai,Al Zahya
United Arab Emirates,Dubai,Arabian Ranches
United Arab Emirates,Dubai,Arabian Ranches 2
United Arab Emirates,Dubai,Arjan
United Arab Emirates,Dubai,Bani Yas East
United Arab Emirates,Dubai,Barsha Heights - TECOM
United Arab Emirates,Dubai,Bu Danig
United Arab Emirates,Dubai,Bukadra
United Arab Emirates,Dubai,Business Bay
United Arab Emirates,Dubai,City of Arabia
United Arab Emirates,Dubai,Corniche Deira
United Arab Emirates,Dubai,DIFC
United Arab Emirates,Dubai,Damac Hills
United Arab Emirates,Dubai,Discovery Gardens
United Arab Emirates,Dubai,Downtown Burj Khalifa
United Arab Emirates,Dubai,Dubai Airport Freezone
United Arab Emirates,Dubai,Dubai Cargo Village
United Arab Emirates,Dubai,Dubai Design District
United Arab Emirates,Dubai,Dubai Falcon City
United Arab Emirates,Dubai,Dubai Festival City
United Arab Emirates,Dubai,Dubai Healthcare City
United Arab Emirates,Dubai,Dubai Hills
United Arab Emirates,Dubai,Dubai International Airport
United Arab Emirates,Dubai,Dubai Internet City - DIC
United Arab Emirates,Dubai,Dubai Investments Park 1
United Arab Emirates,Dubai,Dubai Investments Park 2
United Arab Emirates,Dubai,Dubai Marina
United Arab Emirates,Dubai,Dubai Maritime City
United Arab Emirates,Dubai,Dubai Media City
United Arab Emirates,Dubai,Dubai Motor City
United Arab Emirates,Dubai,Dubai Silicon Oasis
United Arab Emirates,Dubai,Dubai Sports City
United Arab Emirates,Dubai,Dubai Studio City
United Arab Emirates,Dubai,Dubai Techno Park
United Arab Emirates,Dubai,Dubai World Central - DWC
United Arab Emirates,Dubai,Dubai World Trade Center - DWTC
United Arab Emirates,Dubai,Emirates Hills
United Arab Emirates,Dubai,Gardens
United Arab Emirates,Dubai,Global Village
United Arab Emirates,Dubai,Green Community
United Arab Emirates,Dubai,Green Community Motor City
United Arab Emirates,Dubai,Hatta
United Arab Emirates,Dubai,Hor Al Anz
United Arab Emirates,Dubai,Hor Al Anz East
United Arab Emirates,Dubai,IMPZ
United Arab Emirates,Dubai,Ibn Batutta Mall
United Arab Emirates,Dubai,International City
United Arab Emirates,Dubai,International City 2
United Arab Emirates,Dubai,Jebel Ali 1
United Arab Emirates,Dubai,Jebel Ali 2
United Arab Emirates,Dubai,Jebel Ali Freezone
United Arab Emirates,Dubai,Jebel Ali Freezone Extension
United Arab Emirates,Dubai,Jebel Ali Industrial Area
United Arab Emirates,Dubai,Jumeirah 1
United Arab Emirates,Dubai,Jumeirah 2
United Arab Emirates,Dubai,Jumeirah 3
United Arab Emirates,Dubai,Jumeirah Beach Residence - JBR
United Arab Emirates,Dubai,Jumeirah Golf Estates
United Arab Emirates,Dubai,Jumeirah Heights
United Arab Emirates,Dubai,Jumeirah Islands
United Arab Emirates,Dubai,Jumeirah Lakes Towers - JLT
United Arab Emirates,Dubai,Jumeirah Park
United Arab Emirates,Dubai,Jumeirah Village Circle - JVC
United Arab Emirates,Dubai,Jumeirah Village Triangle - JVT
United Arab Emirates,Dubai,Knowledge Village
United Arab Emirates,Dubai,Layan Community
United Arab Emirates,Dubai,Legends
United Arab Emirates,Dubai,Liwan
United Arab Emirates,Dubai,MBR- Al Merkad
United Arab Emirates,Dubai,Majan
United Arab Emirates,Dubai,Mamoora
United Arab Emirates,Dubai,Meadows
United Arab Emirates,Dubai,Meydan South
United Arab Emirates,Dubai,Mira Community
United Arab Emirates,Dubai,Mirdif
United Arab Emirates,Dubai,Mudon
United Arab Emirates,Dubai,Muhaisnah 1
United Arab Emirates,Dubai,Muhaisnah 2
United Arab Emirates,Dubai,Muhaisnah 3
United Arab Emirates,Dubai,Muhaisnah 4
United Arab Emirates,Dubai,Muwaileh Commercial
United Arab Emirates,Dubai,Nad Al Sheba 1
United Arab Emirates,Dubai,Nad Al Sheba 2
United Arab Emirates,Dubai,Nad Al Sheba 3
United Arab Emirates,Dubai,Nad Al Sheba 4
United Arab Emirates,Dubai,Nadd Al Hamar
United Arab Emirates,Dubai,Nadd Al Shamma
United Arab Emirates,Dubai,Naif
United Arab Emirates,Dubai,Oud Al Muteena
United Arab Emirates,Dubai,Oud Metha
United Arab Emirates,Dubai,Port Rashid
United Arab Emirates,Dubai,Port Saeed
United Arab Emirates,Dubai,Ras Al Khor
United Arab Emirates,Dubai,Ras Al Khor Indsutrial Area 1
United Arab Emirates,Dubai,Ras Al Khor Indsutrial Area 2
United Arab Emirates,Dubai,Ras Al Khor Indsutrial Area 3
United Arab Emirates,Dubai,Remraam
United Arab Emirates,Dubai,Rigga Al Buteen
United Arab Emirates,Dubai,Serena Community
United Arab Emirates,Dubai,Springs
United Arab Emirates,Dubai,The Greens
United Arab Emirates,Dubai,The Lakes
United Arab Emirates,Dubai,The Palm Crescent
United Arab Emirates,Dubai,The Palm Deira
United Arab Emirates,Dubai,The Palm Jumeirah
United Arab Emirates,Dubai,The Skycourts
United Arab Emirates,Dubai,The Sustainable City
United Arab Emirates,Dubai,The Villa
United Arab Emirates,Dubai,Town Square
United Arab Emirates,Dubai,Um Al Sheif
United Arab Emirates,Dubai,Umm Hurair 1
United Arab Emirates,Dubai,Umm Hurair 2
United Arab Emirates,Dubai,Umm Ramool
United Arab Emirates,Dubai,Umm Suqeim 1
United Arab Emirates,Dubai,Umm Suqeim 2
United Arab Emirates,Dubai,Umm Suqeim 3
United Arab Emirates,Dubai,Universal Exposition
United Arab Emirates,Dubai,Wadi Alamardi
United Arab Emirates,Dubai,Warsan 1
United Arab Emirates,Dubai,Warsan 2
United Arab Emirates,Dubai,Za'abeel 1
United Arab Emirates,Dubai,Za'abeel 2
United Arab Emirates,Fujairah,Al Aqah
United Arab Emirates,Fujairah,Al Bedia
United Arab Emirates,Fujairah,Al Farfar
United Arab Emirates,Fujairah,Al Faseel
United Arab Emirates,Fujairah,Al Gurfa
United Arab Emirates,Fujairah,Al Haray
United Arab Emirates,Fujairah,Al Heel
United Arab Emirates,Fujairah,Al Ittihad
United Arab Emirates,Fujairah,Al Mahatta
United Arab Emirates,Fujairah,Al Maryah Island
United Arab Emirates,Fujairah,Al Owaid
United Arab Emirates,Fujairah,Al Qurayya
United Arab Emirates,Fujairah,Al Rayyana
United Arab Emirates,Fujairah,Al Taween
United Arab Emirates,Fujairah,Anajaimat
United Arab Emirates,Fujairah,Awhala
United Arab Emirates,Fujairah,Dedna
United Arab Emirates,Fujairah,Dibba
United Arab Emirates,Fujairah,Dibba Al Hisn
United Arab Emirates,Fujairah,Fujairah Free Trade Zone
United Arab Emirates,Fujairah,Fujairah Intl Airport
United Arab Emirates,Fujairah,Fujairah Port
United Arab Emirates,Fujairah,Halefaath
United Arab Emirates,Fujairah,Industrial Area
United Arab Emirates,Fujairah,Kalba
United Arab Emirates,Fujairah,Karsha
United Arab Emirates,Fujairah,Khor Fakkan
United Arab Emirates,Fujairah,Madhab
United Arab Emirates,Fujairah,Masafi
United Arab Emirates,Fujairah,Merashid
United Arab Emirates,Fujairah,Mirbah
United Arab Emirates,Fujairah,Old Fujairah City
United Arab Emirates,Fujairah,Rughaylat
United Arab Emirates,Fujairah,Rumailah
United Arab Emirates,Fujairah,Sakamkam
United Arab Emirates,Fujairah,Suwayfah
United Arab Emirates,Fujairah,Zubara
United Arab Emirates,Ras Al Khaima,Al Darbijaniyah
United Arab Emirates,Ras Al Khaima,Al Dhait North
United Arab Emirates,Ras Al Khaima,Al Dhait South
United Arab Emirates,Ras Al Khaima,Al Duhaisah
United Arab Emirates,Ras Al Khaima,Al Fahlain
United Arab Emirates,Ras Al Khaima,Al Ghubb
United Arab Emirates,Ras Al Khaima,Al Hamra Free Zone
United Arab Emirates,Ras Al Khaima,Al Hamra Industrial Area
United Arab Emirates,Ras Al Khaima,Al Hamra Island
United Arab Emirates,Ras Al Khaima,Al Hamra Village
United Arab Emirates,Ras Al Khaima,Al Hudaibah
United Arab Emirates,Ras Al Khaima,Al Jazeerah Al Hamra
United Arab Emirates,Ras Al Khaima,Al Jesser Area
United Arab Emirates,Ras Al Khaima,Al Juwais Area
United Arab Emirates,Ras Al Khaima,Al Kharran
United Arab Emirates,Ras Al Khaima,Al Mairid
United Arab Emirates,Ras Al Khaima,Al Marjan Island
United Arab Emirates,Ras Al Khaima,Al Mataf
United Arab Emirates,Ras Al Khaima,Al Nadiyah
United Arab Emirates,Ras Al Khaima,Al Nakheel Area
United Arab Emirates,Ras Al Khaima,Al Nudood
United Arab Emirates,Ras Al Khaima,Al Qurm
United Arab Emirates,Ras Al Khaima,Al Qusaidat
United Arab Emirates,Ras Al Khaima,Al Ragibah
United Arab Emirates,Ras Al Khaima,Al Sall
United Arab Emirates,Ras Al Khaima,Al Seer
United Arab Emirates,Ras Al Khaima,Al Soor
United Arab Emirates,Ras Al Khaima,Al Turfah
United Arab Emirates,Ras Al Khaima,Al Uraibi
United Arab Emirates,Ras Al Khaima,Al Zahra
United Arab Emirates,Ras Al Khaima,Burairaat
United Arab Emirates,Ras Al Khaima,Dafan Al Khor
United Arab Emirates,Ras Al Khaima,Dafan Al Nakheel
United Arab Emirates,Ras Al Khaima,Dahan
United Arab Emirates,Ras Al Khaima,Digdagga
United Arab Emirates,Ras Al Khaima,Ghalilah
United Arab Emirates,Ras Al Khaima,Hamrania
United Arab Emirates,Ras Al Khaima,Khatt
United Arab Emirates,Ras Al Khaima,Khazam
United Arab Emirates,Ras Al Khaima,Liwa Badr
United Arab Emirates,Ras Al Khaima,Mamoora
United Arab Emirates,Ras Al Khaima,Mina Al arab
United Arab Emirates,Ras Al Khaima,RAK City
United Arab Emirates,Ras Al Khaima,Rams
United Arab Emirates,Ras Al Khaima,Ras Al Selaab Area
United Arab Emirates,Ras Al Khaima,Refa`ah
United Arab Emirates,Ras Al Khaima,Seih Al Ghubb
United Arab Emirates,Ras Al Khaima,Seih Al Hudaibah
United Arab Emirates,Ras Al Khaima,Seih Al Qusaidat
United Arab Emirates,Ras Al Khaima,Seih Al Uraibi
United Arab Emirates,Ras Al Khaima,Seih Shihyar
United Arab Emirates,Ras Al Khaima,Seih al Harf
United Arab Emirates,Ras Al Khaima,Shamal Haqueel
United Arab Emirates,Ras Al Khaima,Shamal Julphar
United Arab Emirates,Ras Al Khaima,Shareesha
United Arab Emirates,Ras Al Khaima,Sidroh
United Arab Emirates,Ras Al Khaima,Suhaim Area
United Arab Emirates,Ras Al Khaima,Wadi Ammar
United Arab Emirates,Sharjah,Abu Shagara
United Arab Emirates,Sharjah,Al Abar
United Arab Emirates,Sharjah,Al Atain
United Arab Emirates,Sharjah,Al Azra
United Arab Emirates,Sharjah,Al Bataeh
United Arab Emirates,Sharjah,Al Bdai'a Subrub
United Arab Emirates,Sharjah,Al Darari
United Arab Emirates,Sharjah,Al Dhaid
United Arab Emirates,Sharjah,Al Elyash
United Arab Emirates,Sharjah,Al Falah Suburb
United Arab Emirates,Sharjah,Al Falaj
United Arab Emirates,Sharjah,Al Fayha
United Arab Emirates,Sharjah,Al Fisht
United Arab Emirates,Sharjah,Al Ghaphia
United Arab Emirates,Sharjah,Al Gharayen
United Arab Emirates,Sharjah,Al Ghubaiba
United Arab Emirates,Sharjah,Al Ghuwair
United Arab Emirates,Sharjah,Al Goaz
United Arab Emirates,Sharjah,Al Hazana
United Arab Emirates,Sharjah,Al Homaa
United Arab Emirates,Sharjah,Al Jazzat
United Arab Emirates,Sharjah,Al Jubail
United Arab Emirates,Sharjah,Al Juraina
United Arab Emirates,Sharjah,Al Jurf 1
United Arab Emirates,Sharjah,Al Jurf 2
United Arab Emirates,Sharjah,Al Khaledia Suburb
United Arab Emirates,Sharjah,Al Khan
United Arab Emirates,Sharjah,Al Khawaneej 1
United Arab Emirates,Sharjah,Al Khezamia
United Arab Emirates,Sharjah,Al Layyah
United Arab Emirates,Sharjah,Al Mahatta
United Arab Emirates,Sharjah,Al Majaz 1
United Arab Emirates,Sharjah,Al Majaz 2
United Arab Emirates,Sharjah,Al Majaz 3
United Arab Emirates,Sharjah,Al Mamzar
United Arab Emirates,Sharjah,Al Manakh
United Arab Emirates,Sharjah,Al Manama
United Arab Emirates,Sharjah,Al Manazel
United Arab Emirates,Sharjah,Al Mansura
United Arab Emirates,Sharjah,Al Mareija
United Arab Emirates,Sharjah,Al Mirgab
United Arab Emirates,Sharjah,Al Mizhar 1
United Arab Emirates,Sharjah,Al Mizhar 2
United Arab Emirates,Sharjah,Al Mujarah
United Arab Emirates,Sharjah,Al Muntazah
United Arab Emirates,Sharjah,Al Musalla
United Arab Emirates,Sharjah,Al Nabba
United Arab Emirates,Sharjah,Al Nad
United Arab Emirates,Sharjah,Al Nahda
United Arab Emirates,Sharjah,Al Nakhil 2
United Arab Emirates,Sharjah,Al Nasserya
United Arab Emirates,Sharjah,Al Nekhailat
United Arab Emirates,Sharjah,Al Noof
United Arab Emirates,Sharjah,Al Qadisia
United Arab Emirates,Sharjah,Al Qarain
United Arab Emirates,Sharjah,Al Qasimia
United Arab Emirates,Sharjah,Al Qulayaa
United Arab Emirates,Sharjah,Al Qusais 1
United Arab Emirates,Sharjah,Al Rahmania
United Arab Emirates,Sharjah,Al Ramaqia
United Arab Emirates,Sharjah,Al Ramla East
United Arab Emirates,Sharjah,Al Ramla West
United Arab Emirates,Sharjah,Al Ramtha
United Arab Emirates,Sharjah,Al Rashidiya 1
United Arab Emirates,Sharjah,Al Rawda 2 Al Zahraa
United Arab Emirates,Sharjah,Al Rifah
United Arab Emirates,Sharjah,Al Riffa
United Arab Emirates,Sharjah,Al Sabkha
United Arab Emirates,Sharjah,Al Saja'a Industrial Subrub
United Arab Emirates,Sharjah,Al Seef
United Arab Emirates,Sharjah,Al Seyouh
United Arab Emirates,Sharjah,Al Shahba
United Arab Emirates,Sharjah,Al Shuwaihen
United Arab Emirates,Sharjah,Al Soor
United Arab Emirates,Sharjah,Al Sweihat
United Arab Emirates,Sharjah,Al Taawun
United Arab Emirates,Sharjah,Al Talaa
United Arab Emirates,Sharjah,Al Tarfa
United Arab Emirates,Sharjah,Al Waheda
United Arab Emirates,Sharjah,Al Warqa 4
United Arab Emirates,Sharjah,Al Yarmook
United Arab Emirates,Sharjah,Barashi
United Arab Emirates,Sharjah,Bu Danig
United Arab Emirates,Sharjah,Bu Tina
United Arab Emirates,Sharjah,DIFC
United Arab Emirates,Sharjah,Dasman
United Arab Emirates,Sharjah,Industrial Area 1
United Arab Emirates,Sharjah,Industrial Area 10
United Arab Emirates,Sharjah,Industrial Area 11
United Arab Emirates,Sharjah,Industrial Area 12
United Arab Emirates,Sharjah,Industrial Area 13
United Arab Emirates,Sharjah,Industrial Area 15
United Arab Emirates,Sharjah,Industrial Area 17
United Arab Emirates,Sharjah,Industrial Area 18
United Arab Emirates,Sharjah,Industrial Area 2
United Arab Emirates,Sharjah,Industrial Area 3
United Arab Emirates,Sharjah,Industrial Area 4
United Arab Emirates,Sharjah,Industrial Area 5
United Arab Emirates,Sharjah,Industrial Area 6
United Arab Emirates,Sharjah,Industrial Area 7
United Arab Emirates,Sharjah,Industrial Area 8
United Arab Emirates,Sharjah,Industrial Area 9
United Arab Emirates,Sharjah,Maysaloon
United Arab Emirates,Sharjah,Muwafjah
United Arab Emirates,Sharjah,Muwaileh Commercial
United Arab Emirates,Sharjah,Muzairah
United Arab Emirates,Sharjah,Rolla
United Arab Emirates,Sharjah,Saif Zone
United Arab Emirates,Sharjah,Samnan
United Arab Emirates,Sharjah,Sharqan
United Arab Emirates,Sharjah,Um Altaraffa
United Arab Emirates,Sharjah,Um Fannain
United Arab Emirates,Sharjah,University of Sharjah
United Arab Emirates,Umm Al-Quwain,Al Aahad
United Arab Emirates,Umm Al-Quwain,Al Abrab
United Arab Emirates,Umm Al-Quwain,Al Dar Al Baidah
United Arab Emirates,Umm Al-Quwain,Al Haditha
United Arab Emirates,Umm Al-Quwain,Al Hawiyah
United Arab Emirates,Umm Al-Quwain,Al Hobob
United Arab Emirates,Umm Al-Quwain,Al Humrah - A
United Arab Emirates,Umm Al-Quwain,Al Humrah - B
United Arab Emirates,Umm Al-Quwain,Al Humrah - C
United Arab Emirates,Umm Al-Quwain,Al Humrah - D
United Arab Emirates,Umm Al-Quwain,Al Khor
United Arab Emirates,Umm Al-Quwain,Al Limgadhar
United Arab Emirates,Umm Al-Quwain,Al Maidan
United Arab Emirates,Umm Al-Quwain,Al Maqaa
United Arab Emirates,Umm Al-Quwain,Al Qarain
United Arab Emirates,Umm Al-Quwain,Al Raas - A
United Arab Emirates,Umm Al-Quwain,Al Raas - B
United Arab Emirates,Umm Al-Quwain,Al Raas - C
United Arab Emirates,Umm Al-Quwain,Al Ramlah
United Arab Emirates,Umm Al-Quwain,Al Raudah
United Arab Emirates,Umm Al-Quwain,Al Riqqah
United Arab Emirates,Umm Al-Quwain,Al Salamah - A
United Arab Emirates,Umm Al-Quwain,Al Salamah - B
United Arab Emirates,Umm Al-Quwain,Al Salamah - C
United Arab Emirates,Umm Al-Quwain,Al Taawun
United Arab Emirates,Umm Al-Quwain,Defence Camp
United Arab Emirates,Umm Al-Quwain,Emirates Modern Industrial
United Arab Emirates,Umm Al-Quwain,Green Belt
United Arab Emirates,Umm Al-Quwain,Industrial Area
United Arab Emirates,Umm Al-Quwain,Khalifa City
United Arab Emirates,Umm Al-Quwain,Latin
United Arab Emirates,Umm Al-Quwain,Mohamed Bin Rashed
United Arab Emirates,Umm Al-Quwain,Old Town Area
United Arab Emirates,Umm Al-Quwain,Umm Al Quwain Airport
United Arab Emirates,Umm Al-Quwain,Umm Al Quwain Marina